N,P,K,temperature,humidity,ph,rainfall,label
145,34,51,25.939,86.2534,5.4504,263.747,tea
118,39,44,23.6597,83.9819,7.7315,99.9188,cotton
22,51,19,28.9879,88.3496,6.5336,44.0587,mungbean
80,45,28,25.1388,69.0711,6.3768,77.3884,maize
29,12,14,34.4617,94.7282,7.1657,107.2445,orange
78,38,45,23.7019,86.9297,6.927,185.551,jute
97,9,46,24.4485,87.0062,6.1869,45.7845,watermelon
38,55,76,20.4041,18.5307,5.9805,42.6531,chickpeas
30,65,84,16.9602,17.1781,6.9116,39.5709,chickpeas
48,46,49,38.2524,94.9637,6.8089,245.92,papaya
27,58,24,20.1808,21.1073,5.6051,98.0023,kidneybeans
80,9,52,26.1602,89.5794,6.6415,48.1626,watermelon
51,43,49,15.8473,45.5318,6.8748,58.2473,barley
13,50,18,26.3033,47.2308,4.101,43.7887,mothbeans
52,48,58,12.0157,52.6921,6.6259,48.9326,barley
14,41,21,29.8261,89.9933,6.4313,57.8299,mungbean
77,45,38,25.5864,88.6834,6.5553,150.5463,jute
45,62,15,28.1383,64.576,7.2745,72.3448,blackgram
121,37,41,24.718,79.5434,5.9514,74.6255,cotton
31,124,196,15.4271,84.6778,5.7488,71.7702,grapes
65,35,35,23.236,58.0289,5.8591,73.2743,maize
117,34,107,26.5909,63.8104,6.3418,99.3539,tobacco
14,65,17,19.1726,23.4141,5.8353,67.5524,kidneybeans
69,47,106,21.8659,70.5298,6.1974,87.231,sweetpotato
150,21,40,20.4837,82.9781,5.2767,234.8614,tea
23,47,23,25.2777,56.0548,4.5862,51.4229,mothbeans
100,46,44,23.3894,82.1438,7.0988,88.1197,cotton
28,34,27,31.9789,48.3644,4.9531,98.0005,mango
34,61,18,26.0446,67.1357,6.9002,69.6647,blackgram
77,42,38,23.1423,76.2245,6.4698,152.7148,jute
106,45,100,25.1241,63.5663,5.7611,92.1084,tobacco
128,31,75,26.6748,68.7728,7.1301,226.331,sugarcane
49,49,55,24.5266,94.6783,6.6275,234.5929,papaya
148,22,54,19.497,80.7282,5.495,223.8327,tea
30,124,197,29.2677,80.0343,5.6314,74.7097,grapes
95,8,47,29.6572,93.8139,6.6867,22.316,muskmelon
38,45,46,32.3559,91.7516,6.5104,246.479,papaya
83,48,124,21.8945,66.2082,5.7935,101.5489,tobacco
125,34,50,27.916,78.8518,5.3055,218.0385,tea
40,51,51,30.5958,91.4291,6.5864,232.0217,papaya
26,50,19,28.5602,80.0541,7.1912,48.7912,mungbean
73,66,44,24.7855,62.1815,6.2624,93.765,wheat
89,42,55,33.5708,89.006,5.6227,320.862,rubber
19,6,9,26.4519,91.8765,7.5656,111.5826,orange
75,45,48,32.2873,82.3008,5.6993,277.9997,rubber
15,51,21,25.9674,58.5451,7.6686,32.9417,mothbeans
94,11,51,25.4189,80.5083,6.7444,45.8005,watermelon
62,54,35,21.5438,68.0163,6.8815,70.4063,wheat
23,13,13,15.8099,94.1731,7.066,112.2323,orange
66,43,107,26.9681,65.946,6.3188,87.8234,sweetpotato
21,23,44,20.8507,88.4535,6.4563,107.1514,pomegranate
123,60,126,17.4647,84.9612,5.555,71.7124,potato
32,56,53,23.0446,93.4496,6.6039,238.0356,papaya
81,18,53,26.5876,88.198,6.8524,42.3966,watermelon
74,39,41,29.2632,88.6599,5.5661,239.8158,rubber
21,123,193,36.3782,83.3276,5.6025,66.9587,grapes
107,35,45,22.6319,77.4941,7.4857,84.2156,cotton
77,40,43,21.6659,85.6216,6.3526,229.0211,rice
37,61,60,22.7385,77.1531,6.0188,94.5375,soybeans
16,16,7,21.1576,90.1994,6.6578,115.376,orange
18,55,19,28.3797,82.6853,6.6035,53.6289,mungbean
116,59,132,19.2925,81.1775,5.0761,73.0314,potato
40,63,20,31.4356,69.2803,6.8068,69.561,blackgram
115,33,75,32.5069,70.4932,6.751,175.4591,sugarcane
22,45,18,25.3891,56.4825,9.9914,44.8219,mothbeans
38,45,53,39.9137,93.6654,6.6217,232.04,papaya
30,72,37,28.3941,67.239,6.4382,99.5415,soybeans
34,79,39,27.6905,70.5817,6.2513,80.2511,soybeans
93,81,45,27.5038,82.8975,5.7821,104.2905,banana
28,54,22,28.5592,84.1084,6.2837,42.3433,mungbean
46,54,47,27.8001,90.1176,6.8399,242.9397,papaya
95,47,114,21.3543,62.3749,5.7437,114.9283,tobacco
34,80,58,25.9655,70.6704,6.0713,81.5731,soybeans
21,56,56,24.6762,72.5189,6.8949,111.5438,soybeans
100,89,52,25.8164,82.7548,6.2692,100.7344,banana
37,58,75,19.0794,15.0961,6.1216,38.735,chickpeas
38,58,81,20.2831,14.5086,5.8272,33.4345,chickpeas
30,60,79,16.5077,15.7816,5.8708,33.5791,chickpeas
43,58,20,26.1224,62.4585,7.294,72.7168,blackgram
26,58,17,22.6032,22.9259,5.8344,92.9365,kidneybeans
23,121,205,23.619,91.2677,6.344,115.6057,apple
46,32,55,19.5374,55.264,6.2681,52.131,barley
64,36,31,19.9968,63.0474,5.793,66.4045,maize
17,57,22,26.8367,61.7952,6.4984,41.3797,lentil
82,7,51,24.2906,80.6777,6.7569,40.4072,watermelon
67,38,31,20.0012,59.1698,5.7201,62.5144,maize
29,57,15,23.1851,23.6665,5.8735,119.5789,kidneybeans
13,17,39,23.8937,85.383,6.6519,107.5148,pomegranate
19,22,43,19.0568,86.1385,5.7892,107.0488,pomegranate
22,137,195,24.1955,81.0584,5.861,70.9125,grapes
123,29,60,26.12,82.0885,4.5455,239.9569,tea
35,57,17,28.4312,64.952,6.9703,62.1485,blackgram
12,21,36,22.0355,87.9885,5.5249,105.4451,pomegranate
25,19,45,21.9127,90.7259,5.7545,109.5877,pomegranate
75,45,36,24.2903,72.9322,6.4999,199.0427,jute
14,51,25,24.3637,40.7804,6.5704,30.4345,mothbeans
72,59,42,24.9429,54.2922,6.0426,64.3365,wheat
112,39,79,27.9536,72.4136,7.4188,178.7409,sugarcane
80,77,50,27.4071,79.3476,6.331,94.8502,banana
99,82,48,26.5917,77.9642,5.6798,94.5866,banana
129,21,46,21.1272,75.1319,4.6235,239.8481,tea
60,36,45,15.8257,46.1891,6.8827,51.2026,barley
45,40,65,13.943,51.1679,7.0729,64.1534,barley
81,37,39,25.2954,73.9437,6.7421,153.1934,jute
15,54,25,27.6576,51.5646,6.2393,36.5539,mothbeans
94,88,55,27.2181,84.5273,5.516,90.1842,banana
116,38,115,21.5998,67.4884,6.0259,96.8563,tobacco
26,52,37,28.5846,62.6546,6.2772,85.2596,groundnut
41,38,97,27.3313,62.1386,5.9979,86.9691,sweetpotato
78,44,45,23.1519,75.541,6.8124,150.9106,jute
35,59,77,16.776,16.2661,6.0941,43.3259,chickpeas
66,40,35,23.1564,60.3717,6.1845,97.0795,maize
22,29,30,28.5104,50.0317,5.7172,90.3309,mango
111,48,153,16.5784,80.076,5.0991,79.1701,potato
78,38,31,25.9655,66.0237,5.8648,99.659,maize
89,17,47,26.869,84.1013,6.9783,42.5083,watermelon
101,52,120,16.5546,73.8662,5.1981,89.6947,potato
105,47,124,18.7701,71.806,5.6255,67.4055,potato
23,71,41,25.8503,77.9511,6.2974,99.0436,soybeans
90,42,39,25.2676,76.307,6.6716,190.361,jute
51,46,51,19.022,49.7649,7.4447,51.1149,barley
17,40,25,27.7957,80.6659,6.3918,36.0864,mungbean
135,31,78,33.022,79.3349,6.9945,238.3279,sugarcane
92,27,25,27.5503,63.7728,6.7942,146.5808,coffee
27,43,24,29.0409,82.1616,6.8227,52.3134,mungbean
104,31,130,21.6434,68.7016,6.0793,99.8504,tobacco
34,131,196,27.0452,81.6373,5.8109,66.2279,grapes
81,80,46,26.9687,77.2072,5.5544,92.2402,banana
85,85,55,27.0152,82.6049,6.4873,108.7107,banana
24,128,202,23.0922,94.9401,6.1644,108.4316,apple
65,49,46,29.9589,80.0682,5.0576,206.2208,rubber
108,15,30,26.4863,60.86,6.9841,144.7822,coffee
17,56,17,17.7577,65.6525,6.8526,35.5495,lentil
18,11,28,25.078,96.7336,6.1658,144.2746,coconut
21,135,203,31.5336,81.5108,5.8219,71.1387,grapes
46,55,24,25.738,69.4066,7.4981,64.3705,blackgram
11,52,25,27.0672,56.2164,8.2143,66.9653,mothbeans
29,126,200,22.9625,91.5708,5.7682,110.44,apple
40,51,49,33.3645,91.8824,6.7535,238.054,papaya
30,42,21,28.0026,88.7309,6.5832,43.837,mungbean
19,72,16,19.8027,45.4682,5.8789,137.4953,pigeonpeas
137,34,70,27.2281,67.4918,7.4234,150.5058,sugarcane
11,5,8,18.5755,94.0316,7.3275,113.3135,orange
100,83,50,27.3085,77.9709,6.1087,91.3284,banana
29,21,31,33.0184,48.6444,4.8414,94.0048,mango
29,29,28,30.6775,52.9775,5.216,92.8173,mango
11,17,9,16.6899,90.1633,7.0169,101.84,orange
27,64,18,18.2908,19.5574,5.8246,97.8387,kidneybeans
22,46,31,27.8044,63.8847,6.0315,86.7873,groundnut
98,17,54,24.8754,83.0382,6.8457,50.2313,watermelon
35,56,47,26.6853,90.4858,6.6207,247.4687,papaya
43,42,51,15.0984,46.6941,6.2243,53.3768,barley
101,42,39,25.263,76.4802,7.0751,89.3207,cotton
24,18,7,19.3953,93.241,6.9294,115.0531,orange
20,45,20,28.35,83.045,7.0985,37.7199,mungbean
22,45,15,26.888,60.2877,5.9095,74.611,mothbeans
40,47,60,18.9481,59.425,6.4714,67.0311,barley
23,24,39,19.7556,87.1981,6.1963,104.5756,pomegranate
19,66,15,25.4948,61.8911,5.4599,174.4842,pigeonpeas
24,21,29,32.2736,49.5016,5.6975,97.4927,mango
149,28,63,25.4741,82.0311,4.6887,265.5048,tea
20,51,39,22.2585,51.4874,6.5698,81.9799,groundnut
18,136,196,22.7182,91.101,5.5152,122.2663,apple
12,12,38,20.87,85.546,5.9927,108.7074,pomegranate
69,45,25,22.8151,64.4368,6.4194,95.4432,maize
24,13,35,20.9856,92.1889,5.8873,102.0724,pomegranate
25,135,194,22.9922,90.0186,5.6242,108.3686,apple
79,44,34,26.6353,59.5542,6.1596,88.575,maize
66,55,45,22.1545,68.1548,6.5439,67.7349,wheat
12,63,20,17.617,19.3401,5.779,100.2538,kidneybeans
40,44,110,21.1705,63.1233,6.3979,93.4043,sweetpotato
124,46,45,22.8075,79.3586,7.1341,93.8382,cotton
13,54,15,29.5479,89.3856,6.8518,39.6424,mungbean
44,58,80,17.3354,18.2904,5.801,44.634,chickpeas
108,48,90,30.5476,70.5531,7.4831,153.8767,sugarcane
26,134,197,22.2611,94.8391,5.7705,100.1193,apple
13,48,15,29.3054,81.4077,6.2683,56.3303,mungbean
14,75,15,26.7717,56.6305,6.2541,197.9247,pigeonpeas
140,32,66,28.9224,74.4708,7.4183,186.4942,sugarcane
25,55,16,17.2719,24.575,5.6972,131.1815,kidneybeans
82,14,50,24.8707,83.8513,6.9577,51.4534,watermelon
28,11,42,21.0089,85.0519,6.021,101.8003,pomegranate
107,23,30,23.3298,57.9544,6.1183,143.8521,coffee
16,50,18,28.3322,89.1663,7.0376,43.1958,mungbean
87,43,45,25.1206,78.7534,6.6593,172.9729,jute
17,65,21,19.6477,65.7117,6.0626,53.9739,lentil
119,37,101,28.5502,69.7352,6.0965,106.2034,tobacco
31,61,15,32.9405,63.9886,7.168,70.496,blackgram
83,50,41,31.5659,80.9446,4.7787,213.5512,rubber
24,11,39,23.7221,93.4234,5.7227,106.7738,pomegranate
93,6,48,25.7775,81.0596,6.0994,41.4235,watermelon
30,22,28,25.5648,90.7132,5.7761,179.9912,coconut
122,50,35,25.7508,81.3792,7.3055,86.897,cotton
43,63,78,17.1621,16.5468,6.1236,34.7987,chickpeas
144,22,64,20.139,82.6492,4.6309,245.8678,tea
30,11,25,28.0558,91.923,5.5608,178.3608,coconut
21,12,35,25.3932,91.2102,5.3821,190.5949,coconut
19,56,18,19.124,67.515,6.893,50.0219,lentil
21,21,38,21.5868,91.9197,5.6132,105.4325,pomegranate
30,55,16,20.0717,21.9338,5.8536,128.4323,kidneybeans
30,73,24,23.1945,57.1611,5.4837,163.7069,pigeonpeas
20,61,24,25.1622,67.9917,6.1024,47.7426,lentil
28,57,43,27.8679,53.4544,6.9468,51.8514,groundnut
69,62,40,23.5085,67.2006,6.6388,92.8774,wheat
20,60,35,22.8552,65.1102,6.7212,55.9966,groundnut
17,27,25,35.0381,46.7871,6.581,93.2791,mango
16,17,40,23.4676,93.7623,6.5465,105.5289,pomegranate
159,20,49,21.1904,76.2966,5.0751,275.199,tea
26,69,16,20.5284,60.482,6.6357,145.7874,pigeonpeas
36,65,15,26.6166,63.9982,6.5419,66.3384,blackgram
89,8,49,28.8612,93.0837,6.1327,26.445,muskmelon
104,45,76,31.9677,62.4431,7.0585,169.2565,sugarcane
30,61,78,15.2343,15.0045,6.3356,32.5043,chickpeas
79,39,35,21.9826,60.8195,5.7685,82.4126,maize
145,31,57,28.5688,87.1596,5.2589,293.1808,tea
101,44,123,15.6163,71.7537,5.0889,83.6814,potato
83,13,51,24.0041,83.2211,6.5425,40.75,watermelon
25,135,190,23.3765,91.469,6.397,124.5129,apple
97,81,51,26.3989,75.6412,6.3763,98.9491,banana
28,137,199,21.0967,94.7272,6.017,103.718,apple
142,31,52,22.9744,85.1806,4.8284,297.4497,tea
99,76,51,25.357,83.0,6.4665,97.6418,banana
11,52,15,25.8276,63.2054,5.3805,62.1364,mothbeans
55,46,60,12.3727,53.7941,7.4936,56.0211,barley
24,14,43,22.7541,88.5733,5.8084,102.4606,pomegranate
25,50,47,22.6547,79.864,6.5103,89.1906,soybeans
26,45,15,25.4295,53.6265,4.2076,61.6051,mothbeans
95,51,159,16.7769,73.7598,5.0482,82.8324,potato
28,32,26,34.3245,53.4982,4.896,94.9274,mango
13,70,25,26.6249,51.762,6.7332,189.8412,pigeonpeas
108,30,35,23.1125,58.8109,6.7162,167.0898,coffee
93,20,25,26.2308,53.2943,7.3018,199.3984,coffee
34,78,55,22.9163,75.593,6.4751,84.5004,soybeans
50,43,93,24.9396,61.11,5.7546,75.2913,sweetpotato
48,59,78,18.527,18.1835,7.1275,36.8754,chickpeas
95,12,54,28.7461,93.2099,6.6924,27.2259,muskmelon
87,17,47,27.7463,92.3405,6.3983,29.555,muskmelon
112,45,160,17.1007,81.8294,5.5126,73.0962,potato
61,61,49,17.4755,60.9563,6.531,88.8672,wheat
90,15,47,27.0422,93.6566,6.4096,25.3687,muskmelon
124,42,43,25.4868,78.5324,6.066,75.5587,cotton
48,30,59,15.8531,55.0175,7.4807,49.573,barley
74,41,43,26.6547,81.5087,5.5582,228.7301,rice
23,6,12,18.9335,90.8641,7.0054,111.2004,orange
24,30,33,34.4747,45.3725,6.0201,97.3167,mango
52,31,107,23.0654,70.501,5.7491,75.2023,sweetpotato
31,57,16,26.682,69.872,7.1872,63.8998,blackgram
76,61,40,24.3368,65.4769,6.0434,93.3724,wheat
25,59,21,27.4501,41.3218,9.2074,61.3207,mothbeans
39,61,79,15.2574,14.4005,6.2649,33.4229,chickpeas
15,55,25,18.2845,23.342,5.7624,96.3746,kidneybeans
53,49,57,19.1946,59.8349,7.1136,54.8576,barley
50,52,48,24.1319,92.8705,6.8548,234.0241,papaya
86,36,43,26.1253,85.9391,6.0275,205.5533,rice
19,61,17,23.299,19.6628,5.6968,97.112,kidneybeans
89,36,45,26.1612,82.8161,5.611,216.4282,rice
115,54,125,19.301,75.7088,5.1639,62.8158,potato
131,44,61,25.7827,69.965,5.6902,220.78,sugarcane
91,16,55,24.3433,86.4543,6.5528,44.2651,watermelon
29,69,16,22.4325,57.0239,5.5108,145.7999,pigeonpeas
23,123,203,16.5471,83.5137,5.7921,74.9137,grapes
11,26,25,30.5003,47.0058,6.1315,96.501,mango
82,38,117,23.5307,61.4141,5.9381,110.3647,tobacco
20,60,22,18.5281,69.8668,6.5127,50.6994,lentil
17,20,15,19.9609,91.0834,6.6676,104.4384,orange
101,36,126,21.2641,69.8336,5.7583,90.1365,tobacco
95,18,55,26.1222,83.2985,6.7162,50.2384,watermelon
19,135,195,22.2591,93.3366,6.4243,108.5238,apple
21,61,15,25.8712,67.4018,5.9319,44.4057,lentil
29,55,17,29.5818,65.696,6.2142,36.7382,lentil
10,56,21,15.945,18.7158,5.6585,118.4421,kidneybeans
13,14,29,28.9902,98.0879,6.0742,154.215,coconut
100,42,158,16.8679,75.5772,5.0604,67.482,potato
25,76,44,23.759,67.9723,6.8033,97.374,soybeans
87,5,54,25.4229,85.2386,6.5928,40.9467,watermelon
37,139,200,29.1707,83.258,5.6989,68.5946,grapes
21,136,203,37.5465,83.1304,5.9323,70.6272,grapes
93,15,32,25.8422,62.2315,6.2035,169.6268,coffee
40,39,62,13.68,53.3715,6.0797,51.5379,barley
25,64,25,18.0553,19.6834,5.9801,136.6297,kidneybeans
20,45,21,28.372,84.9452,6.7934,38.4625,mungbean
31,60,38,24.3528,68.4009,6.8446,106.2322,soybeans
12,55,23,28.0232,64.6261,6.5634,44.7833,lentil
10,33,32,28.8871,47.5303,5.6522,99.4806,mango
17,129,190,22.8587,92.8152,6.0276,112.188,apple
27,19,7,28.4827,92.8142,6.3482,110.324,orange
88,38,35,25.429,86.8084,6.4811,200.7859,rice
23,15,35,19.3589,89.6151,6.1195,100.231,pomegranate
82,79,51,27.0775,79.3514,6.3279,106.5574,banana
49,38,49,19.1761,48.3423,7.4193,66.1796,barley
30,49,36,22.5183,53.8973,6.0147,70.2283,groundnut
43,32,53,15.6952,56.6956,7.4222,66.366,barley
13,41,17,29.9071,88.3802,6.3781,41.9064,mungbean
81,16,50,24.5055,84.2507,6.4719,40.042,watermelon
86,14,47,25.0032,85.4426,6.4316,45.4667,watermelon
93,55,137,17.7151,77.1634,5.0607,73.954,potato
61,39,29,20.9529,55.4999,5.8548,76.4907,maize
75,42,29,26.7759,56.6874,6.1721,64.6127,maize
41,51,55,38.8418,90.8241,6.9461,242.3297,papaya
26,55,49,28.1082,76.3899,6.1604,86.1113,soybeans
59,50,34,15.1215,59.6325,6.0501,97.4402,wheat
98,83,47,25.2385,76.3693,6.3384,103.6568,banana
86,45,35,25.6773,78.5023,6.4146,183.195,jute
116,42,65,33.4104,61.8182,7.3602,159.6759,sugarcane
21,20,29,30.5492,50.6931,6.2056,94.4004,mango
39,46,52,31.413,91.6192,6.9358,241.6547,papaya
21,123,205,24.644,82.5589,5.714,67.2937,grapes
18,19,10,21.015,94.3544,6.7209,117.34,orange
41,58,15,31.2241,60.1646,6.6851,74.1299,blackgram
88,36,45,23.0367,85.6642,5.661,209.6887,rice
65,64,45,19.6315,56.318,6.6699,91.6845,wheat
30,55,25,24.4196,66.2435,6.495,43.5914,lentil
24,47,17,25.2159,61.5533,8.8509,36.5129,mothbeans
98,19,34,23.5781,64.9628,6.0183,173.5579,coffee
63,43,91,22.7457,70.7257,5.8837,79.4265,sweetpotato
18,21,27,25.7031,96.6335,6.0315,139.8923,coconut
49,36,53,14.122,53.3291,6.4735,44.2524,barley
51,46,112,21.8088,71.7569,5.5813,94.9395,sweetpotato
19,15,34,26.273,92.4226,5.3045,189.9869,coconut
46,56,25,28.268,63.677,6.9307,65.6922,blackgram
100,43,84,32.68,65.1699,6.5344,180.5449,sugarcane
102,58,121,15.8085,71.5292,5.3848,74.1308,potato
49,59,50,37.828,90.2581,6.609,246.8767,papaya
59,34,130,26.2819,71.1527,6.1393,86.7989,sweetpotato
20,51,24,29.8519,83.7418,6.234,49.177,mungbean
88,40,39,25.6275,81.8513,6.3824,188.6903,jute
83,87,45,26.463,84.2017,6.3154,108.1191,banana
26,72,18,34.3913,51.6641,6.664,103.591,pigeonpeas
22,138,195,21.1857,91.4705,6.2997,101.527,apple
28,47,20,28.7565,86.3849,6.6305,41.0297,mungbean
19,62,16,18.5423,66.4609,6.5019,36.8315,lentil
104,36,44,25.665,81.4662,7.4835,63.1787,cotton
34,63,77,18.6905,18.636,6.875,35.1462,chickpeas
26,28,30,31.6225,49.9587,6.9883,96.7415,mango
94,30,29,27.5966,54.2077,7.4437,175.2115,coffee
21,45,18,26.0055,53.7182,8.5931,31.9359,mothbeans
118,47,103,27.7394,61.5011,6.3709,92.949,tobacco
65,41,97,25.3472,69.0079,5.8936,79.1182,sweetpotato
89,88,47,26.8638,78.1256,6.2131,105.7211,banana
26,18,15,29.4918,93.5815,6.5912,108.4571,orange
11,57,18,21.8512,22.8793,5.7954,81.3998,kidneybeans
31,129,198,38.6161,83.0411,5.5047,70.8869,grapes
86,6,47,24.4976,87.8546,6.3501,54.417,watermelon
70,45,35,24.034,84.2726,6.6185,194.8601,jute
36,70,30,24.9597,77.6988,6.8277,105.8605,soybeans
30,54,44,28.476,50.813,6.4964,64.6849,groundnut
124,39,82,30.9432,63.7388,6.7498,231.7703,sugarcane
113,46,78,27.9604,71.5948,6.2214,164.9584,sugarcane
59,44,47,14.1452,52.7343,6.9509,41.5911,barley
32,64,47,29.8128,68.4379,6.2452,85.9944,soybeans
85,37,37,24.2596,77.5064,6.4525,162.8901,jute
105,32,123,24.9134,61.9137,6.0448,106.7561,tobacco
79,38,37,25.4365,85.7672,5.8153,228.7427,rice
28,41,35,25.2089,61.3314,6.7999,82.4741,groundnut
30,12,9,27.1497,90.5842,6.618,115.5741,orange
107,45,86,33.7928,73.3842,6.4065,207.2286,sugarcane
35,138,205,26.8779,82.636,5.6191,68.9376,grapes
24,21,26,31.2467,54.373,6.4463,92.2354,mango
20,16,35,23.101,86.5364,5.8466,105.3584,pomegranate
105,39,38,24.4115,77.2813,7.7803,71.6477,cotton
16,20,29,32.0251,53.4998,6.6414,92.2498,mango
66,47,129,20.9923,66.4236,5.6534,97.7613,sweetpotato
24,16,30,27.0362,96.7052,5.7888,138.8512,coconut
74,65,46,19.7005,59.936,6.6178,98.037,wheat
30,12,32,28.6024,90.2362,5.4795,216.0032,coconut
19,76,20,24.5511,51.5394,5.7024,140.5908,pigeonpeas
36,77,59,25.5636,74.063,6.9867,112.1725,soybeans
68,30,56,25.1308,82.674,5.4444,312.4911,rubber
132,33,63,22.1754,75.2696,4.79,215.2999,tea
17,51,16,29.503,58.1843,7.3275,42.4636,mothbeans
34,76,57,27.3825,67.9481,6.1079,72.9592,soybeans
10,33,25,32.1015,45.4096,4.9114,96.1384,mango
109,30,124,26.3497,60.2436,5.8617,101.333,tobacco
127,41,42,24.6771,80.8953,7.7336,75.4224,cotton
99,43,138,15.8105,78.9684,5.4881,77.7945,potato
118,46,38,23.6258,78.5252,7.0383,99.6195,cotton
130,28,54,19.4782,80.2677,4.932,299.3588,tea
127,45,39,25.7235,81.1952,6.2597,87.2616,cotton
12,65,21,24.851,22.3212,5.9717,131.3788,kidneybeans
21,31,34,30.6438,53.2352,6.378,96.2633,mango
42,36,98,21.2145,66.0712,6.3179,77.7676,sweetpotato
123,48,126,17.7274,71.5761,5.8962,81.6124,potato
83,47,57,28.571,85.0714,5.5912,253.2489,rubber
97,16,26,24.5469,59.016,6.2563,147.7133,coffee
27,65,25,25.2046,45.6866,5.6999,136.0537,pigeonpeas
18,15,28,29.5316,97.1708,5.1326,205.2483,coconut
24,23,32,27.585,90.7981,5.5782,174.0575,coconut
39,56,19,28.9482,68.9727,6.5401,64.9069,blackgram
25,46,19,26.3454,59.0735,9.2067,34.9785,mothbeans
117,45,121,17.5648,81.7512,5.3949,84.9441,potato
82,32,106,22.3055,69.7975,6.1595,102.0492,tobacco
13,16,41,22.6538,94.9974,6.4822,105.684,pomegranate
84,37,41,26.3512,83.5086,6.8294,200.5853,jute
30,137,196,34.6441,80.6859,5.7207,69.5025,grapes
20,15,27,27.5012,94.0091,5.8402,173.5647,coconut
22,59,23,28.8341,68.4027,6.6609,44.8251,lentil
98,87,50,27.4086,78.8633,5.8272,101.1585,banana
20,65,22,27.4459,60.6768,6.5996,38.1066,lentil
104,25,26,23.5576,62.5954,6.2917,191.6424,coffee
59,47,110,27.3207,72.4166,5.8657,95.9269,sweetpotato
101,38,39,22.4529,82.5522,6.5147,63.0596,cotton
30,60,46,30.0517,93.8528,6.5108,248.7113,papaya
82,41,44,23.6996,78.6493,6.3604,182.7791,jute
25,120,203,23.9192,90.5731,6.0691,122.4561,apple
14,12,30,28.4251,91.0009,6.192,130.8539,coconut
73,42,36,25.5149,85.5494,6.3643,204.9603,jute
60,35,121,26.7814,69.7406,5.7312,87.1269,sweetpotato
97,76,54,25.7815,83.3259,6.3226,101.8346,banana
77,55,46,18.8731,60.5868,6.9077,66.3205,wheat
18,22,43,22.1803,87.7378,6.7455,101.7215,pomegranate
91,83,54,25.8757,79.4979,6.0152,95.6596,banana
15,58,19,19.7779,68.4195,6.6594,40.8866,lentil
68,56,41,22.8055,66.2855,6.8918,93.6419,wheat
26,74,21,25.5735,61.7033,5.5933,145.0519,pigeonpeas
67,36,126,20.6549,72.1455,5.599,85.3657,sweetpotato
75,44,42,25.2162,82.4719,6.3523,154.5329,jute
50,53,53,42.3513,93.1581,6.9077,245.5622,papaya
55,54,47,22.173,69.1737,6.3646,92.2717,wheat
47,50,48,34.2236,91.0233,6.9146,249.4623,papaya
71,37,69,31.9936,83.4982,5.4927,266.0737,rubber
88,16,53,29.3435,94.2615,6.4671,27.8701,muskmelon
31,80,45,25.2077,70.7234,6.1709,106.762,soybeans
63,57,40,20.5232,57.248,6.9169,69.2863,wheat
60,34,56,12.9182,51.4931,7.1873,52.6665,barley
67,41,31,20.0479,68.8061,6.7455,98.6076,maize
81,18,51,28.1247,92.3816,6.4845,22.4816,muskmelon
56,46,106,27.1963,61.4239,6.4894,88.015,sweetpotato
45,54,50,36.7419,93.7399,6.798,245.7545,papaya
84,16,49,24.2713,89.9612,6.859,44.8282,watermelon
85,35,38,23.8172,87.3872,5.667,205.9582,rice
115,45,72,27.793,70.0907,7.0521,217.6893,sugarcane
66,43,90,21.0367,64.1284,5.8356,89.8847,sweetpotato
96,77,50,26.7482,75.3792,5.9188,103.8887,banana
85,38,44,24.1512,80.2274,6.606,174.3788,jute
83,5,47,28.2988,92.8099,6.4323,22.0159,muskmelon
15,63,21,22.3752,20.5404,5.8648,78.5303,kidneybeans
122,36,63,26.4149,75.2152,7.4036,179.7313,sugarcane
74,44,32,21.0444,62.7697,5.8779,93.1576,maize
83,37,39,22.2949,88.5381,5.9435,236.3795,rice
66,45,117,22.3899,60.3622,6.1148,98.4364,sweetpotato
89,45,44,24.8626,79.9419,6.5878,174.1942,jute
28,24,32,27.3557,49.6719,5.3467,94.0527,mango
87,44,40,24.7411,73.6085,6.7005,191.5576,jute
22,23,37,19.7837,85.1295,6.2955,107.4262,pomegranate
22,121,201,15.8713,83.2268,5.5027,70.9494,grapes
48,42,45,17.419,54.0212,6.621,68.8898,barley
20,12,35,22.4014,88.6043,6.4771,102.279,pomegranate
15,59,48,24.2084,64.7734,6.9341,54.5766,groundnut
86,88,45,27.364,81.4073,6.2274,109.102,banana
31,124,191,34.0041,81.0277,5.9328,68.4139,grapes
31,57,18,34.0047,64.2203,6.7847,70.9142,blackgram
145,30,58,24.2753,87.2037,5.0372,209.6317,tea
33,132,200,23.7556,83.7965,5.613,73.4007,grapes
28,62,24,27.3032,67.1867,6.6667,48.3735,lentil
46,49,46,32.0146,90.8053,6.5431,240.6457,papaya
20,44,24,29.6848,88.5862,6.5961,52.9375,mungbean
103,19,30,24.7886,63.5992,7.3792,198.2648,coffee
67,42,52,26.6823,88.2191,5.5975,280.2994,rubber
35,134,201,34.1382,84.9819,5.9373,68.1713,grapes
54,39,51,12.6039,54.5354,6.8991,55.8978,barley
80,41,139,24.8027,62.0715,5.8211,110.0952,tobacco
18,23,28,25.499,90.2129,5.0947,165.9066,coconut
24,139,190,36.4747,81.9003,5.7877,68.605,grapes
99,15,29,27.9304,62.3827,7.3378,148.7426,coffee
15,20,40,24.1232,85.6759,6.7594,107.6432,pomegranate
92,88,50,26.4588,79.282,5.5401,103.5163,banana
133,24,57,20.254,81.1624,5.2489,236.1627,tea
84,75,47,27.61,84.0424,6.0793,93.3404,banana
14,21,32,28.3808,51.4934,6.7864,94.4903,mango
26,46,22,29.6447,81.4565,6.9362,54.7521,mungbean
28,34,28,32.8478,47.5613,4.6412,91.9268,mango
67,41,103,21.2975,60.8341,6.0059,87.7473,sweetpotato
80,39,40,25.3203,80.3476,6.1457,154.5841,jute
132,45,85,33.2196,73.1902,7.437,211.4395,sugarcane
60,44,109,21.2038,72.1219,6.0259,76.5906,sweetpotato
23,50,20,27.3982,89.2719,7.1916,54.6823,mungbean
39,58,85,17.2202,18.7859,6.5395,42.0448,chickpeas
24,66,20,29.974,49.3917,5.9539,150.4889,pigeonpeas
21,52,25,29.0685,87.3505,7.1311,49.3786,mungbean
23,13,15,26.0997,92.337,6.7498,119.7959,orange
53,47,107,21.2154,66.0782,6.0227,78.2157,sweetpotato
23,130,195,23.7544,84.5493,5.5153,65.7267,grapes
93,57,155,16.2127,80.9827,5.1796,78.3668,potato
97,19,25,23.4794,60.1117,7.0884,188.516,coffee
40,35,61,17.5617,57.3798,7.0577,46.3292,barley
69,55,36,23.7148,63.0361,6.6524,74.3522,wheat
72,35,42,23.5475,79.2426,6.56,184.5341,jute
11,140,197,22.8165,90.6001,5.6739,102.4531,apple
40,62,17,29.8517,64.9388,6.9228,69.2123,blackgram
107,28,31,25.1792,64.8007,7.4532,181.268,coffee
26,14,5,29.6556,92.2372,6.9929,110.9935,orange
115,59,136,15.2621,83.4573,5.3394,77.2163,potato
17,51,19,29.2715,81.0386,7.0216,56.4554,mungbean
26,7,11,33.9995,90.475,7.3749,105.1685,orange
67,38,33,20.2657,67.2662,6.0086,78.9374,maize
28,19,13,33.2864,91.4476,6.664,100.2542,orange
23,35,26,31.4151,53.8939,4.5903,95.6445,mango
45,49,48,16.2713,46.9978,6.9472,66.3906,barley
20,78,24,23.3213,54.0021,6.0783,111.5059,pigeonpeas
14,65,19,19.1824,63.4232,5.9644,39.9804,lentil
17,63,20,29.2238,64.5793,6.0863,52.0872,lentil
96,43,138,19.4098,80.9893,5.6887,60.0139,potato
16,14,39,23.8995,89.7204,5.6414,109.1578,pomegranate
15,16,32,29.1325,94.6681,5.0844,212.954,coconut
30,57,80,20.3137,16.3957,6.5305,35.0522,chickpeas
94,32,110,21.1549,66.2811,5.975,91.1544,tobacco
131,35,59,28.3061,80.8142,5.4352,237.8508,tea
122,41,123,16.7417,75.4639,5.0263,79.2097,potato
85,83,55,27.2212,78.9436,6.3396,96.8109,banana
80,42,40,23.021,85.9697,6.3586,210.0085,rice
80,44,32,23.8957,68.9116,6.2784,79.3748,maize
80,18,45,29.0967,90.5699,6.5454,23.5844,muskmelon
31,71,58,24.778,74.3655,6.7914,73.1436,soybeans
100,43,81,26.2435,77.4458,6.7048,184.167,sugarcane
88,19,49,28.5664,90.1145,6.4622,21.5585,muskmelon
44,48,54,24.0785,90.4557,6.8172,242.4086,papaya
11,47,20,29.9007,85.8339,6.9788,39.2983,mungbean
123,49,90,26.7707,77.8627,5.9162,163.3935,sugarcane
21,41,50,29.1811,66.9789,6.9608,68.086,groundnut
29,20,8,17.8585,94.0573,7.0947,106.8988,orange
10,22,45,24.698,90.5792,6.2472,101.3308,pomegranate
70,42,107,27.7777,60.2618,6.0207,87.1967,sweetpotato
79,37,68,27.8863,81.7941,4.9678,280.3998,rubber
87,49,69,28.3953,84.5609,4.741,257.0176,rubber
74,37,39,22.1806,80.853,6.482,208.7584,rice
18,19,44,22.6406,86.022,5.63,105.6141,pomegranate
36,121,203,38.4576,82.5316,5.7676,65.4937,grapes
22,133,203,21.833,91.678,5.7042,122.5164,apple
148,24,58,23.9535,85.0032,5.4643,271.1766,tea
32,73,42,23.9378,65.5384,6.2995,89.7483,soybeans
20,58,17,24.3781,60.8827,6.1092,46.7204,lentil
51,36,65,17.9965,47.5171,6.2915,65.4834,barley
91,89,49,27.817,75.1007,6.2851,97.8638,banana
58,44,113,24.2317,61.2346,6.0332,77.7093,sweetpotato
88,15,46,27.0161,90.0484,6.6801,21.2148,muskmelon
56,32,121,27.2268,66.3807,5.657,80.5169,sweetpotato
22,16,45,22.1771,93.2579,6.5546,105.5223,pomegranate
26,53,53,26.3646,69.2944,6.8325,73.1629,soybeans
13,15,9,17.9353,93.3512,6.3563,104.0515,orange
19,42,39,27.038,50.4238,6.9592,72.228,groundnut
23,41,22,27.7165,82.401,6.3287,37.4724,mungbean
23,67,15,26.7127,62.2887,5.8432,120.7091,pigeonpeas
113,35,101,24.2247,69.328,5.6634,101.3095,tobacco
71,35,39,23.2149,79.5734,6.0753,156.4522,jute
15,51,24,28.9468,86.4041,7.1621,41.3728,mungbean
26,60,19,26.6468,64.8671,7.7944,73.4814,mothbeans
24,60,19,20.8801,21.6921,5.5246,65.7216,kidneybeans
110,22,25,26.2403,55.3715,6.7369,184.7426,coffee
47,53,45,33.6372,94.2498,6.8777,230.8406,papaya
30,25,29,29.3023,92.3656,5.2799,215.7288,coconut
117,47,36,23.6308,75.4387,6.3004,72.9841,cotton
75,37,30,22.9672,61.3195,6.1031,97.9041,maize
29,63,21,18.4981,21.2918,5.6295,109.2764,kidneybeans
53,40,52,12.5867,45.6245,6.0534,46.2235,barley
105,54,131,18.4419,78.0645,5.7021,73.6913,potato
107,46,120,24.3796,62.8407,5.7445,97.6905,tobacco
89,46,129,20.2391,62.8651,6.0589,119.8781,tobacco
88,37,35,21.9114,82.2919,5.7745,218.6486,rice
28,64,51,22.2926,66.2839,6.5554,73.404,soybeans
127,33,55,20.615,89.527,5.1985,294.2017,tea
83,36,41,23.1132,77.7501,6.8475,196.2985,jute
105,45,122,27.2435,66.703,5.7245,115.7736,tobacco
21,11,12,20.286,90.2938,6.4673,119.3144,orange
106,23,33,25.1016,60.3231,7.4932,147.6517,coffee
52,39,129,27.4894,74.1728,5.6332,93.0581,sweetpotato
39,61,25,30.647,68.6184,7.4193,65.8792,blackgram
24,122,199,18.8504,83.6624,5.9498,68.105,grapes
61,42,33,26.6887,69.8656,6.4656,73.9274,maize
89,10,52,24.3298,86.4923,6.7603,51.7252,watermelon
74,44,36,21.3722,85.6355,6.105,223.3688,rice
26,57,20,21.202,65.7373,6.1587,52.8821,lentil
26,76,17,19.2441,64.3446,6.0967,105.9213,pigeonpeas
83,42,36,20.4193,81.6924,5.7098,213.4432,rice
102,46,78,28.6483,72.5555,5.7479,178.9061,sugarcane
23,122,192,22.8335,90.918,6.2585,123.6229,apple
78,49,50,30.483,87.8874,5.7782,335.1512,rubber
113,38,44,25.5968,84.438,6.1531,99.7664,cotton
117,45,41,23.6326,84.5308,7.2355,77.4361,cotton
30,62,16,29.6889,61.2747,6.6453,36.1715,lentil
80,40,43,25.3542,70.8834,6.8374,198.7462,jute
49,34,121,25.2196,69.264,6.155,96.0346,sweetpotato
39,131,192,37.946,80.8991,5.7361,66.1219,grapes
73,45,42,23.8397,81.8676,6.7712,203.6816,jute
87,40,38,24.6381,89.3036,6.2976,227.7236,rice
90,36,40,26.1111,76.4011,6.944,198.2191,jute
22,10,35,25.841,95.3961,5.4696,136.852,coconut
70,35,28,22.4089,59.4538,6.5578,82.2475,maize
19,131,198,22.0618,94.9388,6.0544,117.321,apple
91,21,29,27.7681,55.634,6.4692,155.2731,coffee
151,21,60,24.2973,81.0019,4.7995,269.911,tea
71,38,35,24.1232,80.763,6.1076,181.3856,jute
39,125,198,21.5441,84.818,5.9123,66.6067,grapes
40,58,16,26.5194,69.4548,6.9361,65.6085,blackgram
42,58,81,22.7563,18.0618,6.9391,42.6788,chickpeas
17,29,32,29.3526,48.3946,6.1438,92.3106,mango
73,42,42,21.6626,83.9963,6.2895,207.778,rice
42,50,45,39.684,92.3182,6.7836,230.2935,papaya
21,121,198,22.2392,90.2265,5.7032,114.8481,apple
90,9,47,25.5112,87.2806,6.3666,54.7066,watermelon
69,43,33,19.0588,67.5561,6.541,92.2129,maize
79,46,45,26.5394,86.737,5.2874,315.3656,rubber
13,10,35,19.9901,88.7958,6.4126,104.8179,pomegranate
30,22,33,29.3873,98.6021,6.4219,156.2711,coconut
39,58,50,28.3229,93.4437,6.7423,238.2049,papaya
26,72,17,23.7295,48.422,5.994,93.8371,pigeonpeas
103,42,40,25.9698,84.9142,7.9594,76.7034,cotton
30,53,22,29.0351,80.3999,7.0011,42.973,mungbean
109,24,29,27.1972,59.8125,7.2083,170.7525,coffee
96,13,46,24.6151,87.3146,6.8143,42.7245,watermelon
118,46,36,25.3284,77.4331,7.7635,72.1195,cotton
108,47,141,16.5654,82.1686,5.9007,82.217,potato
84,81,47,25.0901,75.3287,5.7176,102.6129,banana
16,43,43,28.7469,62.5044,6.6036,74.5881,groundnut
114,48,35,22.116,80.8769,7.0497,87.3947,cotton
77,42,32,23.5477,58.7603,6.02,85.4617,maize
118,45,38,23.8234,83.141,6.1729,75.8747,cotton
118,39,42,25.8716,78.4291,7.0392,90.5275,cotton
65,37,92,23.2979,60.4009,5.8633,75.6887,sweetpotato
89,5,45,24.183,85.9234,6.2479,43.5189,watermelon
80,50,42,24.3708,65.2684,6.8305,85.7005,wheat
11,131,192,22.6953,91.8082,6.205,109.5376,apple
78,39,37,20.8421,80.6686,6.0887,228.6446,rice
29,66,49,29.9218,69.8011,6.1534,112.5418,soybeans
77,50,62,32.3056,82.4946,5.9602,208.2791,rubber
30,55,17,20.5002,24.314,5.9671,68.0785,kidneybeans
28,43,18,29.3057,80.7688,6.7763,52.1284,mungbean
60,45,26,19.1809,67.9092,6.2362,67.0221,maize
14,60,23,21.4145,21.5848,5.5398,119.511,kidneybeans
127,43,41,23.3217,80.142,6.1411,95.4122,cotton
37,64,17,29.2035,65.7056,6.9242,61.1994,blackgram
39,55,15,32.8505,62.5692,7.1708,71.3525,blackgram
84,15,48,24.4539,82.3339,6.9687,42.437,watermelon
63,41,31,26.3441,67.5676,6.7837,70.6342,maize
10,135,193,22.7602,92.6849,5.7785,108.6231,apple
28,54,22,28.0486,48.3224,6.4518,53.7528,mothbeans
93,24,34,26.4165,59.1601,6.6059,191.2016,coffee
105,47,132,18.1145,73.3986,5.8105,85.9195,potato
13,17,30,25.565,90.0373,5.9668,137.1612,coconut
13,21,27,27.9322,92.1845,5.1531,197.916,coconut
139,26,48,28.4453,79.4467,5.1198,245.8361,tea
134,50,85,33.795,63.0712,6.1583,227.5383,sugarcane
65,41,32,19.432,61.1267,6.7578,95.5517,maize
89,43,42,24.0007,88.7185,5.7689,213.9396,rice
89,79,53,26.8217,78.9193,6.3698,106.4526,banana
76,43,44,25.0551,71.8256,6.6542,163.4405,jute
74,43,36,23.9566,84.3712,6.8108,167.9069,jute
25,63,16,22.5907,23.4889,5.7257,65.7064,kidneybeans
18,60,44,24.887,59.8855,6.0715,52.5431,groundnut
47,43,45,14.9172,49.5455,6.7189,57.9684,barley
44,48,51,25.3129,91.8076,6.7954,245.9126,papaya
22,65,16,29.7066,68.5108,6.0331,48.8623,lentil
46,45,103,26.5444,71.9902,6.1943,81.5541,sweetpotato
19,58,24,28.2432,48.2155,5.0779,35.4287,mothbeans
25,57,15,17.2727,18.5473,5.6631,93.5167,kidneybeans
42,33,62,12.9056,45.3772,7.1129,56.8154,barley
95,21,28,25.6458,50.6341,6.0486,150.5283,coffee
111,42,41,22.9142,75.8487,7.0145,88.2795,cotton
16,23,25,28.8197,96.9465,5.9278,193.2229,coconut
120,41,80,34.7766,70.8543,6.9298,232.6593,sugarcane
90,45,40,23.4122,80.2239,6.5984,172.6553,jute
117,39,44,23.6678,79.4975,7.0944,65.4375,cotton
20,24,29,25.078,90.9263,5.2896,198.874,coconut
10,24,27,28.7905,94.0764,6.1987,180.4998,coconut
36,53,47,24.3996,71.5784,6.8838,118.2322,soybeans
126,38,36,24.7224,82.9159,6.1664,88.0113,cotton
90,34,113,26.5325,62.214,5.8803,90.0073,tobacco
45,54,51,30.3998,90.0035,6.8933,230.2564,papaya
31,65,82,16.2951,19.9454,6.099,40.1462,chickpeas
94,45,147,18.3012,71.5051,5.1924,88.086,potato
11,20,9,26.6756,92.2536,6.5424,109.2173,orange
33,56,23,25.6941,68.484,6.8191,62.7368,blackgram
81,84,49,25.3788,83.0018,5.7729,100.168,banana
28,124,203,22.476,94.4079,5.6493,112.1518,apple
83,39,39,25.8833,70.0881,6.1827,155.5736,jute
35,77,44,22.1215,68.6667,6.499,112.0205,soybeans
17,62,19,28.2605,66.0089,6.7414,51.29,lentil
98,19,30,25.5059,52.186,6.8586,153.8102,coffee
79,35,43,20.5763,84.3633,5.5742,216.4289,rice
50,62,75,20.4001,17.8468,5.5324,39.0729,chickpeas
37,70,55,24.1152,75.4066,6.8848,110.2165,soybeans
13,49,21,24.2732,49.8364,8.4402,67.2706,mothbeans
63,35,33,23.4159,60.1315,6.2627,97.672,maize
81,81,55,25.8712,79.3222,5.8988,91.1616,banana
22,59,17,22.6349,23.5799,5.8259,114.7257,kidneybeans
12,59,25,19.52,67.6299,6.7882,36.55,lentil
26,21,37,18.9404,94.8836,6.7744,108.7943,pomegranate
25,16,10,19.7452,94.7968,6.2942,110.733,orange
133,44,61,29.3196,63.7472,7.1531,196.7908,sugarcane
12,138,199,21.003,93.1606,5.7259,105.6167,apple
20,54,24,27.9606,54.5492,5.7146,54.9969,mothbeans
77,43,39,21.847,83.3529,6.0911,242.5753,rice
10,60,21,18.8887,24.0256,5.7949,72.3084,kidneybeans
16,138,193,23.2251,94.7016,5.8,109.6386,apple
22,133,205,22.4872,94.673,6.434,123.7693,apple
65,31,57,33.8268,85.8164,4.6018,248.7257,rubber
42,57,46,41.7357,93.9062,6.6741,231.3352,papaya
137,20,51,28.8645,82.069,4.9253,269.6502,tea
32,56,19,32.4719,66.555,7.1649,68.8521,blackgram
42,38,65,15.7743,53.254,6.4668,53.3687,barley
10,55,22,15.8837,19.2143,5.5566,85.6927,kidneybeans
16,69,21,31.4367,60.7203,5.7852,117.4382,pigeonpeas
12,74,16,32.4817,54.8231,5.3303,99.5041,pigeonpeas
112,54,125,17.6577,79.5414,5.5394,81.922,potato
45,41,49,17.4634,50.7711,7.2792,49.7872,barley
123,33,77,29.8972,62.174,6.7785,232.3823,sugarcane
25,54,40,28.8123,71.068,6.7503,87.2806,soybeans
43,59,53,30.8098,90.9848,6.7804,237.2595,papaya
86,20,50,26.1864,85.766,6.65,40.4128,watermelon
76,69,44,20.988,60.0182,6.2604,94.6786,wheat
29,55,37,27.01,68.4811,6.9394,61.2221,groundnut
29,71,19,25.2457,49.8587,5.5356,110.4422,pigeonpeas
36,56,24,29.0148,61.5693,7.2578,70.3267,blackgram
109,54,155,18.2373,78.9677,5.2655,83.6377,potato
28,9,10,28.3517,92.6107,7.3615,110.2196,orange
37,62,80,15.4501,17.8927,6.1997,42.3789,chickpeas
99,49,125,25.8839,60.6846,5.9972,94.3749,tobacco
89,45,36,24.2563,76.2168,6.401,204.1229,jute
93,11,46,28.4285,92.2519,6.6574,23.1253,muskmelon
105,40,79,25.7824,62.8272,6.2377,166.0377,sugarcane
85,18,51,29.4286,94.0047,6.1068,29.8699,muskmelon
12,56,22,16.0639,65.7702,6.3754,39.1385,lentil
28,55,43,25.5443,67.8544,6.1126,113.7303,soybeans
47,61,15,33.6533,63.2753,6.5284,67.3509,blackgram
73,39,38,21.1874,89.1973,6.1647,209.5401,rice
101,35,45,25.4784,80.287,6.0078,70.7907,cotton
112,41,131,29.0296,68.3804,5.8129,91.1802,tobacco
20,26,26,29.1149,50.8711,6.6452,91.7724,mango
11,55,22,24.8902,50.1992,6.7554,35.467,mothbeans
11,77,25,32.4617,57.831,6.4518,115.8446,pigeonpeas
13,10,31,29.3758,97.2632,6.3943,195.7393,coconut
83,16,47,28.3184,90.9811,6.4475,25.9612,muskmelon
38,63,23,31.3759,60.265,7.3043,62.7105,blackgram
27,22,45,20.8568,85.6674,6.1329,106.9947,pomegranate
76,45,45,26.8688,87.9446,5.7527,229.7168,rice
22,52,44,27.2883,54.1215,6.2922,88.1653,groundnut
21,51,50,29.1979,69.2738,6.8817,70.9839,groundnut
12,14,32,26.6017,90.1198,5.1359,199.8023,coconut
107,41,134,18.1449,78.9214,5.243,67.4532,potato
152,20,49,24.3023,84.7573,4.55,295.6382,tea
110,40,88,34.0683,74.5223,6.216,238.3386,sugarcane
27,69,43,24.4995,66.9136,6.2411,73.0529,soybeans
82,17,47,29.1444,91.1132,6.1578,23.2858,muskmelon
40,46,90,25.3452,66.423,6.2436,94.4299,sweetpotato
108,28,27,27.7545,50.849,6.6082,140.2378,coffee
25,25,31,31.5352,49.3279,4.547,90.7977,mango
86,17,55,24.8855,88.6202,6.9623,48.6599,watermelon
63,42,33,22.7496,67.4315,6.6984,77.7168,maize
120,48,136,19.5311,71.379,5.235,78.4375,potato
27,53,34,29.8352,66.6816,6.4732,51.1927,groundnut
81,48,126,21.7918,69.0177,6.2468,109.5703,tobacco
89,16,55,29.6578,90.6732,6.4396,23.3586,muskmelon
12,61,15,16.6233,67.4026,5.9868,51.3621,lentil
27,17,29,25.9182,91.6158,5.594,166.3781,coconut
107,36,45,23.3636,84.6851,6.0151,70.3953,cotton
91,22,31,24.3849,57.9596,6.7754,194.5799,coffee
95,7,52,24.5057,89.961,6.8654,51.6834,watermelon
14,20,38,21.2884,94.1443,6.4365,102.8938,pomegranate
90,39,40,24.3981,83.6502,6.4194,241.9241,rice
14,123,202,22.8925,93.5589,5.9465,106.0587,apple
48,47,49,39.8639,92.4707,6.6458,235.5472,papaya
46,33,108,26.8585,74.5127,6.4975,89.2672,sweetpotato
14,120,194,22.1993,91.6783,6.353,104.5175,apple
65,38,111,24.0356,68.722,5.5698,78.5756,sweetpotato
18,11,11,19.152,93.58,6.2179,105.6005,orange
85,37,45,23.7802,81.7188,5.5109,236.0117,rice
61,61,45,19.0399,66.4292,6.2209,96.372,wheat
49,56,20,29.8768,66.9125,7.2521,62.5986,blackgram
103,41,40,23.1835,81.9513,7.2863,96.4657,cotton
32,62,24,32.2561,68.3112,6.7929,65.8211,blackgram
40,46,48,24.7061,90.8241,6.6618,240.8279,papaya
80,85,47,25.7703,82.7443,6.4718,102.6547,banana
18,54,20,29.9953,85.5684,6.8849,41.2284,mungbean
51,44,60,17.3501,47.3585,6.3747,52.1968,barley
49,63,78,17.443,16.4931,7.2823,44.7758,chickpeas
32,62,83,15.3018,15.6745,7.2388,35.206,chickpeas
86,46,59,33.1974,82.3336,5.5338,211.758,rubber
98,87,53,27.2267,75.4049,5.7724,107.553,banana
59,49,49,13.8917,55.4289,6.8134,67.2931,barley
75,42,32,21.0564,63.3557,6.5299,92.9162,maize
22,62,25,16.9462,22.7024,5.5457,83.2078,kidneybeans
49,48,114,21.0665,62.7696,5.9237,79.9997,sweetpotato
121,42,151,16.2588,77.473,5.6517,75.3721,potato
23,19,35,27.5462,97.4143,5.0425,131.5372,coconut
85,77,45,27.2345,81.7047,5.9201,98.1994,banana
36,61,20,26.022,66.6143,6.6922,72.9427,blackgram
90,7,51,26.0888,80.9795,6.8354,50.7633,watermelon
15,60,17,27.9151,43.822,7.9228,61.9602,mothbeans
30,58,23,29.1808,68.6933,6.9341,60.3529,blackgram
15,19,30,28.1616,93.787,5.4363,136.1225,coconut
71,39,37,25.616,84.9075,5.9974,229.4129,rice
14,6,13,17.8871,90.2673,6.1824,117.8835,orange
32,55,45,33.5024,92.2676,6.8392,243.8451,papaya
25,29,34,31.009,48.4976,6.0385,94.8205,mango
78,37,42,20.051,88.7816,6.1026,241.6468,rice
77,44,40,26.8434,76.9124,6.957,198.9763,jute
42,56,84,17.8382,14.054,7.2515,34.5055,chickpeas
87,79,55,26.6693,78.6008,5.6871,93.542,banana
20,59,22,23.0463,24.9194,5.8995,73.6463,kidneybeans
134,43,61,31.8453,71.2395,6.7016,168.6848,sugarcane
15,126,190,21.5835,93.4594,6.241,119.851,apple
86,42,42,23.4578,84.9174,6.2193,247.221,rice
24,43,21,29.2863,80.9297,6.6827,39.6533,mungbean
70,41,40,25.647,80.5591,6.4347,154.3581,jute
158,30,57,22.1249,85.8729,5.4348,257.1707,tea
14,17,12,30.394,93.8438,6.3305,110.758,orange
67,35,30,21.098,57.4486,5.9954,69.5442,maize
119,49,148,17.4012,76.1327,5.2539,68.7134,potato
107,49,35,25.4144,78.4494,6.491,69.0132,cotton
100,15,46,26.0947,87.2691,6.6497,43.8152,watermelon
76,45,35,23.9846,83.0999,6.7562,203.4727,jute
158,35,51,20.6754,84.4021,4.6664,274.0281,tea
30,63,30,23.7047,78.8725,6.6198,104.9976,soybeans
23,77,37,22.8194,73.3432,6.5772,77.1588,soybeans
29,66,18,24.3282,58.83,6.418,166.7889,pigeonpeas
30,58,22,22.033,68.6895,6.4707,51.7626,lentil
15,52,17,27.4332,80.8131,6.9044,43.8124,mungbean
113,47,140,18.2201,80.9776,5.8949,66.713,potato
116,43,82,34.3424,66.2355,7.1428,220.8524,sugarcane
69,46,115,27.977,68.634,6.2626,75.44,sweetpotato
17,59,23,28.0657,61.3429,7.2893,45.986,mothbeans
22,46,16,29.1176,54.4876,9.6608,39.1014,mothbeans
104,42,81,27.3221,62.9826,5.7126,171.8467,sugarcane
25,133,193,21.8649,91.2866,6.3298,106.1006,apple
16,22,29,30.2607,53.6567,5.6091,94.0165,mango
122,31,47,26.6234,76.4941,5.3023,218.6643,tea
23,124,197,21.696,94.8737,6.0715,112.7164,apple
30,70,22,26.2417,56.2494,6.2959,179.9627,pigeonpeas
17,26,29,27.2655,52.1966,6.6591,93.1039,mango
26,13,30,25.302,96.0906,5.9469,180.0587,coconut
26,68,45,27.5559,66.06,6.3591,71.5588,soybeans
38,60,79,22.9416,14.2232,6.6917,31.0147,chickpeas
100,50,75,29.1398,65.9049,6.6984,159.7769,sugarcane
16,64,21,27.7073,63.5857,6.7435,39.8547,lentil
112,40,44,23.5887,79.2174,5.8174,84.5183,cotton
44,42,60,18.0653,59.1218,6.494,44.8902,barley
130,33,73,33.833,71.3858,7.2373,230.5703,sugarcane
15,47,34,26.1118,60.6864,6.264,51.0241,groundnut
10,65,25,18.5445,62.1451,6.2795,54.7166,lentil
43,45,127,24.0125,68.0225,6.1051,85.4705,sweetpotato
22,73,31,28.8835,77.7258,6.7195,90.566,soybeans
130,33,46,25.7553,84.3625,5.0451,215.9862,tea
86,44,36,21.6613,88.0878,6.2009,244.9469,rice
105,42,84,31.0174,72.7114,7.002,220.2865,sugarcane
110,50,40,25.3984,84.2474,6.0696,72.7343,cotton
73,40,38,26.2009,87.3719,6.2829,232.8393,rice
45,64,22,32.8363,67.2368,7.4751,71.6951,blackgram
30,57,81,16.8957,17.4386,5.5092,34.1308,chickpeas
32,56,48,25.5775,90.3654,6.5995,240.4752,papaya
101,20,30,25.4701,54.5922,7.2621,174.5446,coffee
67,41,53,25.191,85.0766,5.112,200.5208,rubber
25,46,17,25.4848,61.5827,9.8017,44.8113,mothbeans
25,48,18,26.8986,60.5588,7.6986,52.6627,mothbeans
98,5,47,28.8311,90.3842,6.6404,27.2285,muskmelon
114,46,156,18.018,73.544,5.534,68.685,potato
15,59,49,29.6352,53.1021,6.1224,76.9558,groundnut
76,39,40,28.2749,87.0618,5.7685,336.0832,rubber
94,8,50,24.3549,85.4027,6.9131,46.2876,watermelon
17,124,204,21.7573,94.9362,5.5702,116.9381,apple
54,40,112,22.5265,65.9428,6.0027,93.5898,sweetpotato
26,19,41,19.2681,85.2136,6.1992,102.1838,pomegranate
89,5,45,27.7345,93.5158,6.4476,23.5032,muskmelon
14,21,35,30.7808,45.5763,5.1174,94.5892,mango
68,50,30,24.2879,65.8397,6.3812,96.9577,wheat
97,11,49,29.7517,90.7451,6.2354,28.773,muskmelon
24,21,37,23.951,91.8635,6.0373,105.2693,pomegranate
17,75,22,32.8434,64.8022,5.9292,107.379,pigeonpeas
29,129,199,21.7569,94.6612,5.8862,113.5917,apple
51,48,62,19.791,55.4218,6.9176,44.1703,barley
31,65,82,21.0846,15.8161,6.3294,30.494,chickpeas
77,42,29,20.7449,66.7378,6.372,65.6311,maize
38,63,19,29.4174,62.4447,7.3329,67.1894,blackgram
108,16,26,25.2825,50.5909,6.2706,192.2633,coffee
124,45,45,23.2653,78.0784,7.3607,68.8589,cotton
62,35,33,24.2288,60.5449,6.7604,65.0326,maize
84,11,51,28.8797,94.1371,6.7109,24.561,muskmelon
18,120,199,21.0784,90.7176,6.3447,115.4246,apple
90,20,33,26.8829,63.7236,7.4438,157.4406,coffee
16,139,191,21.0856,90.0477,6.393,114.0923,apple
30,52,39,22.9097,54.6819,6.5537,56.4999,groundnut
41,48,55,25.2192,94.1466,6.656,245.5086,papaya
53,35,117,24.4521,65.3864,6.3666,84.7548,sweetpotato
43,63,85,15.8456,17.2248,6.4878,43.9372,chickpeas
97,42,130,28.2151,65.6401,5.8975,117.5016,tobacco
104,27,29,24.7754,58.3631,6.9477,150.567,coffee
100,19,52,29.4682,93.7778,6.3597,27.3876,muskmelon
80,36,55,29.0143,87.4142,5.2917,340.3756,rubber
24,16,15,21.5593,91.9772,7.457,106.2844,orange
24,126,194,33.4808,82.842,5.766,74.5856,grapes
25,50,19,24.0368,48.9744,9.7233,46.4492,mothbeans
11,10,37,20.5231,86.5789,6.7346,105.6232,pomegranate
23,76,24,20.2198,47.4492,6.9594,165.1955,pigeonpeas
87,44,41,24.3759,78.7346,6.0601,197.3392,jute
65,44,31,25.0129,63.2043,5.8647,76.5685,maize
16,26,35,28.6666,47.9385,6.9405,91.9795,mango
80,35,37,22.018,84.1814,5.7419,202.8925,rice
21,41,45,24.3962,64.1749,6.7408,57.1473,groundnut
13,20,27,30.1031,50.138,6.6078,99.9009,mango
128,48,43,25.3611,76.6631,7.5311,77.8965,cotton
30,126,192,20.3071,81.1355,5.5176,65.2696,grapes
22,134,198,22.8921,91.5319,5.5868,103.0974,apple
82,45,44,20.6073,82.5495,6.3515,239.6409,rice
13,59,19,22.5758,23.8483,5.5082,62.0668,kidneybeans
138,26,48,25.5637,88.474,4.9165,279.037,tea
61,38,61,29.8904,83.9855,5.947,301.0729,rubber
89,37,45,33.1887,86.9742,4.5412,282.5202,rubber
88,44,128,25.8013,68.569,6.1285,100.9145,tobacco
90,38,44,24.7198,80.2943,5.7362,222.2972,rice
56,33,92,26.7915,69.6943,5.624,98.1054,sweetpotato
61,35,44,25.6525,85.101,5.2233,343.9298,rubber
101,54,155,16.5078,78.7637,5.9837,73.3688,potato
28,15,15,20.627,91.1884,6.9397,107.0153,orange
11,16,39,21.9145,85.0814,6.6222,105.3977,pomegranate
42,58,47,28.9025,90.8521,6.822,234.7933,papaya
20,11,25,25.2084,94.7836,6.3404,169.8034,coconut
11,49,23,26.8441,61.8196,9.3073,44.8731,mothbeans
25,21,35,33.1487,54.994,4.8879,92.9595,mango
26,12,10,32.9352,94.9702,6.1678,108.5118,orange
92,13,49,27.5404,92.2301,6.0712,23.8168,muskmelon
153,32,59,28.1078,88.1564,5.3654,219.7996,tea
27,9,8,25.726,93.5475,6.2618,115.5161,orange
80,39,40,25.2373,88.724,5.9614,226.4147,rice
53,46,62,17.0574,49.8687,6.1494,41.4496,barley
20,16,13,28.4525,91.2121,6.6133,108.3469,orange
16,135,193,23.6427,91.8529,5.6052,121.2505,apple
73,39,36,20.7181,87.0176,5.6395,235.1129,rice
29,55,23,29.6461,80.6128,6.8125,50.3039,mungbean
120,48,112,20.3872,66.5348,6.3342,102.5797,tobacco
23,134,205,21.0537,92.8466,6.4697,122.7277,apple
11,63,19,29.827,63.4117,6.75,40.7249,lentil
88,19,49,28.5804,93.4238,6.5434,20.8711,muskmelon
78,38,40,23.5575,89.5928,5.854,245.8403,rice
11,13,37,23.7151,85.5148,6.403,102.3377,pomegranate
52,32,57,15.629,56.1875,7.124,64.3824,barley
116,37,132,21.9805,66.4606,5.7656,117.8327,tobacco
36,62,23,27.9291,66.1759,7.0986,67.8484,blackgram
27,128,193,36.3348,81.3144,5.8954,69.91,grapes
90,36,53,25.2483,88.8542,5.1628,256.5024,rubber
82,38,36,25.2297,84.1471,6.4063,223.3534,rice
112,44,113,29.0826,66.8525,6.0112,105.9926,tobacco
97,18,32,25.692,52.7372,6.5117,176.7044,coffee
19,56,15,24.4425,20.4527,5.7111,88.2081,kidneybeans
109,32,127,24.0087,64.9995,5.8838,110.8532,tobacco
14,56,17,22.2653,61.9729,5.9204,43.1561,lentil
78,56,42,17.9509,56.7816,6.5724,73.094,wheat
28,45,33,24.6542,66.8801,6.2657,81.7808,groundnut
21,137,201,23.3658,92.0884,6.359,124.4705,apple
11,123,203,22.8508,91.8139,6.4224,107.6678,apple
69,39,129,23.5629,60.3751,6.4983,86.6018,sweetpotato
30,47,50,37.3406,92.4226,6.7514,240.9236,papaya
92,80,55,26.329,81.0997,5.834,98.3208,banana
16,62,25,28.1435,64.6335,6.5803,43.9107,lentil
23,33,31,31.4879,52.8981,6.6736,90.459,mango
17,15,6,28.0701,92.5504,6.2367,115.752,orange
17,32,34,28.7399,49.2164,4.7585,92.195,mango
29,61,23,19.5984,18.2419,5.9958,90.3858,kidneybeans
140,32,64,23.4611,89.2831,5.1755,255.9455,tea
17,10,33,27.144,96.7701,5.2197,194.5826,coconut
28,40,25,29.5604,83.3387,6.3731,55.2245,mungbean
23,54,53,24.1558,70.1419,6.0564,105.798,soybeans
72,36,46,25.3998,84.9481,5.0365,306.9946,rubber
25,63,23,27.3863,63.1585,6.7722,39.5078,lentil
47,34,62,12.1155,56.6454,7.4112,65.8086,barley
39,133,204,31.4446,84.7301,5.8128,73.4443,grapes
99,14,55,27.4136,90.1781,6.6864,25.4367,muskmelon
91,11,55,29.4598,93.6417,6.441,20.0729,muskmelon
110,20,34,24.7428,52.1171,6.1165,188.8581,coffee
44,35,51,19.7268,45.9936,6.5414,52.0107,barley
85,37,134,20.4027,67.515,6.1532,106.5484,tobacco
82,40,39,24.2901,73.6467,6.3814,152.1312,jute
115,40,44,23.5138,84.2214,6.907,66.1737,cotton
46,62,77,18.4345,14.7152,6.1333,41.0355,chickpeas
25,47,22,29.5335,47.5262,6.8889,48.1811,mothbeans
27,18,30,28.7853,95.1365,5.5113,162.1161,coconut
68,30,64,26.6192,83.0902,5.1694,265.4211,rubber
21,23,30,27.3246,47.6497,6.5562,91.6564,mango
111,50,89,32.4013,78.5202,6.1125,184.809,sugarcane
82,36,44,23.5248,74.5493,6.0351,189.6027,jute
15,12,44,20.5751,93.4145,5.9237,104.2761,pomegranate
26,73,34,25.7392,70.6729,6.9908,89.2074,soybeans
81,77,55,27.5688,82.9526,5.9512,107.6884,banana
90,42,110,20.4453,67.2437,6.2351,112.2742,tobacco
40,58,17,29.095,64.189,6.5536,60.6099,blackgram
85,11,45,27.111,92.6399,6.3526,20.4,muskmelon
30,133,196,16.2898,84.614,5.5883,66.4611,grapes
89,7,46,24.4935,85.8361,6.1774,53.4859,watermelon
86,88,49,26.3108,82.7002,5.8484,107.2716,banana
105,57,126,15.4872,71.6281,5.0001,72.5554,potato
28,72,19,18.3998,47.2737,5.8295,191.206,pigeonpeas
106,17,28,27.184,59.0197,6.7208,166.7609,coffee
98,18,55,27.0777,92.7509,6.7368,24.5699,muskmelon
17,122,202,23.704,93.8574,5.7486,107.9524,apple
114,41,138,15.7205,74.1066,5.2696,86.4966,potato
28,123,190,39.5657,84.8328,5.9113,74.7963,grapes
153,30,52,23.6237,76.2845,5.3581,241.8751,tea
22,6,7,27.2967,93.8644,6.6972,101.9953,orange
25,12,44,18.9292,92.2485,6.6263,105.9733,pomegranate
22,46,48,29.2681,69.7044,6.8699,79.6092,groundnut
18,74,22,20.149,59.6264,6.7267,146.7938,pigeonpeas
24,18,5,22.5145,92.0923,6.5588,113.3435,orange
129,32,40,26.9932,76.7741,4.8287,218.431,tea
113,43,69,25.1787,72.6338,5.8681,219.0696,sugarcane
128,30,82,33.6786,76.8341,6.4417,225.0335,sugarcane
80,36,33,21.0866,62.0809,6.3192,84.9865,maize
76,43,28,23.9896,68.4683,6.6177,83.0869,maize
14,132,191,23.5807,92.1722,6.3315,103.4222,apple
86,44,122,23.2358,67.1505,6.1465,90.7984,tobacco
16,49,40,29.9782,52.121,6.7782,69.5724,groundnut
11,68,25,22.4961,50.2653,5.8285,174.9776,pigeonpeas
94,19,51,27.7518,92.0598,6.3793,20.065,muskmelon
27,10,33,25.2323,90.9297,6.3947,218.1146,coconut
23,120,199,22.996,92.3784,5.9867,116.4216,apple
26,126,204,22.1838,90.9326,6.4663,104.0097,apple
109,16,29,25.5479,53.0745,7.3809,160.1505,coffee
43,30,119,26.7763,71.8582,6.0065,99.4011,sweetpotato
22,79,52,25.0563,67.1175,6.5047,113.9016,soybeans
72,55,38,19.8095,56.9155,6.0309,93.7321,wheat
55,49,52,14.2911,58.0076,6.6316,43.8382,barley
27,19,28,28.5515,98.4812,5.2349,181.9612,coconut
14,12,43,19.8207,93.2066,6.3662,106.5167,pomegranate
28,131,190,23.4186,90.31,6.3296,116.9836,apple
19,57,41,27.5185,69.2244,6.3354,75.8635,groundnut
18,46,46,22.1857,67.8516,6.225,85.2804,groundnut
48,55,51,39.9567,94.6862,6.5879,245.6322,papaya
50,49,48,37.4251,92.6948,6.618,234.461,papaya
15,52,23,25.4366,63.2635,7.5541,58.6832,mothbeans
85,43,43,25.2616,88.2237,6.0252,217.2,rice
154,33,65,24.3445,89.3812,4.8043,258.9357,tea
60,45,27,26.4638,66.0117,5.9967,64.4512,maize
18,55,19,16.3649,19.0346,5.6688,67.4204,kidneybeans
41,48,54,30.673,90.5479,6.5893,236.557,papaya
106,43,160,18.9256,79.0404,5.354,70.216,potato
13,46,17,29.4724,80.4731,6.6358,43.6429,mungbean
16,15,15,20.7361,93.0287,7.7798,107.3803,orange
105,38,137,24.1137,60.5398,5.7042,115.7444,tobacco
13,45,23,28.4739,85.4052,6.4278,48.3611,mungbean
117,44,124,16.33,74.4794,5.4782,65.2912,potato
102,45,35,24.4269,79.3536,6.7188,65.2501,cotton
152,31,63,22.4201,83.4312,5.161,251.1736,tea
24,23,32,28.2863,94.1998,5.9265,179.9569,coconut
16,59,24,18.2821,67.2003,6.6508,44.3317,lentil
16,52,44,27.1924,58.2661,6.0168,84.0409,groundnut
88,14,55,24.5058,86.8429,6.7596,54.7641,watermelon
31,125,197,28.3879,80.5816,5.7967,70.9808,grapes
26,18,25,28.4853,95.4197,5.6017,217.9735,coconut
28,57,22,27.0967,66.469,6.5996,35.3144,lentil
19,121,196,21.1667,92.017,6.05,112.7798,apple
86,30,106,21.6788,67.8401,5.8408,98.4228,tobacco
80,7,47,27.4331,90.7138,6.1153,28.8351,muskmelon
114,60,133,19.3618,72.9716,5.8508,61.9901,potato
24,56,35,25.4326,55.6011,6.9141,87.6995,groundnut
55,47,120,22.3363,70.9377,5.8037,82.7664,sweetpotato
26,73,16,34.3956,47.2905,5.7967,180.6412,pigeonpeas
19,19,39,18.033,91.0811,5.8184,102.0832,pomegranate
81,84,50,27.6922,82.2014,5.883,90.5215,banana
15,12,14,16.5949,94.72,7.3724,114.1608,orange
26,20,42,21.5521,92.9595,6.2301,102.3045,pomegranate
30,64,15,34.4089,67.948,6.5832,60.0773,blackgram
72,58,31,17.0131,52.7785,6.4494,65.9333,wheat
99,59,158,17.0588,83.5523,5.6724,87.387,potato
91,9,45,28.8082,93.6312,6.0721,28.4442,muskmelon
72,35,64,26.1678,82.1935,4.682,276.6232,rubber
12,14,11,19.1816,90.8037,6.2956,112.5682,orange
108,43,152,17.1161,77.0846,5.2208,71.9911,potato
29,20,35,33.7353,51.615,5.0071,90.4713,mango
119,37,44,25.9899,79.4376,7.312,94.7591,cotton
19,10,37,18.5515,88.857,5.9444,103.9562,pomegranate
97,83,46,27.6388,83.3605,5.7281,104.0344,banana
27,21,35,28.231,50.2589,5.8952,99.9485,mango
10,10,34,26.073,96.2327,5.0836,176.1204,coconut
20,22,35,29.0163,50.7244,6.4409,95.2922,mango
19,22,31,26.0785,93.0635,6.0548,200.4615,coconut
60,61,42,18.2463,60.5216,6.1089,79.9603,wheat
10,24,33,29.1279,98.9916,5.6815,188.7821,coconut
23,122,190,34.6327,82.3747,5.9087,66.7509,grapes
72,42,39,25.276,84.3726,6.2469,170.827,jute
19,57,18,24.3771,62.5934,6.4541,51.3617,lentil
17,65,18,18.1841,59.2787,5.8789,110.8997,pigeonpeas
62,34,69,25.1793,80.3479,5.1607,249.2302,rubber
107,44,39,22.4235,80.3029,7.7971,90.5075,cotton
80,43,103,27.0552,68.1846,5.8707,116.7288,tobacco
14,79,25,22.9041,47.2138,5.3966,115.7919,pigeonpeas
36,65,78,18.9023,16.2198,5.32,31.9845,chickpeas
106,24,34,27.9408,53.6658,6.5967,193.8336,coffee
107,43,44,22.5258,80.7149,5.8331,79.2358,cotton
85,88,51,25.3481,77.3988,5.6748,95.033,banana
80,41,39,24.1929,82.885,6.664,185.2879,jute
15,23,30,27.5661,97.1307,5.3032,157.4636,coconut
105,55,153,16.9673,83.913,5.9862,83.5946,potato
34,65,48,27.3032,71.7487,6.1462,89.17,soybeans
74,38,40,24.3129,82.9543,6.825,151.4291,jute
81,14,53,29.592,90.2466,6.2143,28.793,muskmelon
27,40,49,27.8177,58.1419,6.4123,80.2658,groundnut
24,20,27,31.4319,53.8916,6.9896,92.4065,mango
40,75,55,25.4763,65.4707,6.9965,80.0561,soybeans
82,86,45,25.194,76.7903,5.8539,90.4641,banana
95,80,50,26.2955,79.0842,6.0353,94.8199,banana
28,30,25,35.8849,47.3908,6.8937,91.6809,mango
73,42,37,26.9071,83.2873,6.4332,178.2182,jute
129,46,87,34.2597,61.171,6.4147,202.8958,sugarcane
53,36,53,18.5356,57.644,6.7362,47.2255,barley
89,20,49,26.8354,85.7179,6.7451,53.1529,watermelon
90,37,40,23.1599,72.5826,6.4161,182.2787,jute
35,127,190,27.6442,83.1963,5.9388,72.1113,grapes
87,36,38,24.0504,85.3586,6.2052,218.1683,rice
21,17,40,20.7459,88.156,5.6487,108.9288,pomegranate
11,20,32,28.2123,49.2686,6.3834,97.312,mango
130,22,55,25.2658,85.8542,4.5965,278.8821,tea
138,23,60,24.4989,88.3472,4.8208,268.4836,tea
25,16,7,23.0941,92.0802,7.6057,109.821,orange
11,78,20,25.4975,59.1169,6.5233,117.1471,pigeonpeas
85,33,65,28.4283,86.8166,4.8301,250.5227,rubber
106,35,41,22.3672,84.0118,5.8611,73.7286,cotton
33,52,57,23.162,72.8316,6.5832,106.0872,soybeans
113,46,135,22.1893,60.8224,6.0227,117.2516,tobacco
28,25,26,32.5803,46.2005,5.6803,90.7955,mango
139,20,44,20.2981,81.9261,5.2956,264.1147,tea
78,43,40,26.754,84.6174,6.7042,154.8656,jute
43,58,54,40.2217,90.3835,6.7333,244.1372,papaya
85,35,48,29.4314,88.1163,5.0226,246.0961,rubber
10,135,200,21.821,94.1616,6.3387,122.1275,apple
60,44,35,18.5867,55.9096,6.7273,61.8177,maize
65,35,50,33.1463,84.1672,5.0765,269.7086,rubber
110,34,69,26.3112,72.0798,6.626,183.8228,sugarcane
23,60,44,22.9354,58.8203,6.4029,54.8282,groundnut
83,81,45,26.5492,82.69,6.4819,90.3215,banana
11,25,29,30.9427,47.1401,6.6431,98.0537,mango
36,56,24,31.2825,64.0889,7.1378,74.5249,blackgram
26,24,27,33.0652,53.9505,5.7497,95.9588,mango
27,25,35,23.7193,91.6904,5.9419,109.7833,pomegranate
18,54,15,28.8427,86.2348,6.257,38.3075,mungbean
26,16,8,20.5343,94.5825,6.8685,108.6606,orange
55,54,36,22.4034,50.52,6.3481,62.142,wheat
11,42,15,28.1983,83.8023,6.853,47.6811,mungbean
85,18,50,28.7325,90.5371,6.3373,29.0442,muskmelon
15,76,25,25.2684,46.4487,6.3481,151.7871,pigeonpeas
56,61,38,21.2346,53.5346,6.5371,77.7964,wheat
67,65,49,24.6748,69.5188,6.5862,82.1388,wheat
86,15,55,25.9339,88.8064,6.9492,47.7293,watermelon
27,56,22,25.1076,65.1761,6.3943,54.2317,lentil
57,60,33,17.5602,62.5013,6.3643,75.4978,wheat
103,41,38,24.4513,81.4542,6.7867,75.9318,cotton
15,57,44,26.5602,64.8789,6.2119,56.4586,groundnut
40,35,49,14.9434,47.1238,7.4402,52.0081,barley
126,40,40,24.6833,80.0782,6.5831,83.4334,cotton
18,20,27,28.134,46.5885,5.8147,93.3855,mango
17,76,18,24.0828,55.4342,6.3002,96.5258,pigeonpeas
54,45,102,25.7959,71.0226,6.2225,94.9876,sweetpotato
30,61,22,18.5251,21.5172,5.6439,94.2731,kidneybeans
99,7,53,27.4518,94.6768,6.6998,23.2668,muskmelon
88,35,44,23.85,70.0062,6.9538,199.3877,jute
72,42,39,22.5085,84.788,6.1082,205.0675,rice
79,45,38,21.4778,87.7849,6.3486,221.1211,rice
92,29,28,25.2425,63.0701,7.3644,177.47,coffee
87,36,65,31.2788,84.0042,4.7866,315.5516,rubber
25,46,22,27.4049,85.3665,6.8775,53.0855,mungbean
114,35,36,22.766,75.828,6.6834,67.8791,cotton
86,36,45,26.0735,74.029,6.425,188.526,jute
11,30,28,28.7094,46.7679,5.9919,98.0095,mango
120,29,40,24.6138,78.4454,5.1788,244.7265,tea
107,42,146,17.0493,71.0137,5.0727,88.6384,potato
49,57,78,19.6107,14.4407,5.6423,35.7282,chickpeas
88,5,53,28.7315,92.9282,6.2267,24.5832,muskmelon
90,5,54,27.0229,92.2696,6.7883,28.7263,muskmelon
121,31,42,25.7012,76.8627,4.5639,213.1002,tea
22,135,193,31.0612,82.7583,5.7513,69.3588,grapes
19,60,16,21.7157,19.5124,5.7911,66.209,kidneybeans
24,65,16,23.7108,58.8181,6.3528,184.0176,pigeonpeas
30,72,18,21.7891,48.707,6.2464,119.6621,pigeonpeas
30,60,15,31.4322,64.0692,6.5379,72.7463,blackgram
19,12,30,29.2787,91.8312,6.3209,143.7798,coconut
85,42,37,26.3607,75.719,6.0498,198.6516,jute
119,51,148,15.9435,73.9791,5.0524,89.2612,potato
28,26,34,32.2578,48.7757,5.0391,97.8663,mango
46,60,51,35.5713,93.7686,6.9313,245.9046,papaya
15,40,37,22.526,50.7207,6.5121,86.9815,groundnut
24,56,47,28.1658,51.6319,6.7475,73.6447,groundnut
26,55,19,16.6995,23.8823,5.8332,61.5403,kidneybeans
27,57,21,21.7227,23.5843,5.7237,144.3921,kidneybeans
122,34,81,27.5661,60.8083,5.9735,182.1652,sugarcane
14,12,14,34.4433,91.5746,7.4651,117.81,orange
22,59,19,29.3165,63.4252,6.3403,52.2342,lentil
10,63,18,19.9367,65.0725,6.0664,52.5917,lentil
93,30,35,24.9303,59.1411,7.1243,155.1348,coffee
21,58,17,27.7395,61.0557,7.8032,47.421,mothbeans
27,53,42,28.3267,51.1966,6.7917,76.9777,groundnut
29,47,44,29.5919,59.7415,6.886,82.2962,groundnut
96,27,26,23.9478,52.3846,7.2955,193.4008,coffee
29,71,38,28.4353,70.9182,6.8453,102.184,soybeans
52,33,61,14.5571,53.4737,7.1672,42.947,barley
18,48,20,28.1048,87.5406,6.543,45.5163,mungbean
50,45,55,34.5463,92.7223,6.6839,242.1421,papaya
39,55,52,31.0669,93.0872,6.8111,232.8422,papaya
39,56,85,19.9392,15.5722,6.6572,39.2128,chickpeas
67,34,62,31.9704,86.6701,5.8899,256.1953,rubber
109,17,30,24.8494,54.9458,7.4616,168.4099,coffee
29,140,205,24.3545,80.4502,5.521,67.3116,grapes
144,20,43,27.2558,84.0015,4.8846,245.1498,tea
85,32,40,25.9437,87.7157,5.4526,206.3733,rubber
17,56,24,23.2918,61.2799,6.6552,45.1729,lentil
19,10,31,29.9678,96.7332,6.407,135.0932,coconut
23,123,197,36.4785,81.6796,5.9767,72.5437,grapes
82,87,54,25.4725,84.3568,5.6761,95.3321,banana
23,34,31,29.2664,48.0799,5.3999,90.8752,mango
46,59,21,31.2989,66.4686,6.9564,68.2727,blackgram
76,41,38,24.6864,76.2332,6.0031,170.8224,jute
43,43,53,14.9169,47.6236,6.5018,49.287,barley
95,87,55,25.5799,82.9366,5.8345,92.3064,banana
85,12,53,26.2417,88.4443,6.7563,52.5293,watermelon
126,46,39,24.1881,82.101,7.5149,72.5597,cotton
27,135,191,32.7393,83.6616,5.5567,73.0684,grapes
29,25,32,33.1572,50.5281,4.993,90.3246,mango
20,130,198,22.2598,93.5333,6.0737,116.4004,apple
71,40,64,31.1647,84.7156,4.5203,349.3849,rubber
109,35,131,23.53,64.8895,6.2086,91.1478,tobacco
44,53,47,38.3477,90.3992,6.5097,242.8616,papaya
39,64,75,22.7379,17.3899,5.5952,41.3044,chickpeas
84,83,46,26.6626,79.3608,6.4599,100.6355,banana
91,15,49,29.0913,91.2714,6.5174,26.5589,muskmelon
19,13,39,21.4943,85.942,5.587,101.3609,pomegranate
18,66,20,24.5658,60.2243,6.6733,146.1722,pigeonpeas
41,65,21,27.1261,61.1881,6.5619,63.6999,blackgram
25,49,17,26.8747,54.4539,3.6234,68.9446,mothbeans
27,133,199,21.9183,93.1929,6.4613,118.6436,apple
35,134,193,20.9113,82.1299,5.7006,66.4505,grapes
97,15,47,26.7517,85.2376,6.9944,53.2384,watermelon
82,38,35,21.7655,83.989,6.2748,216.4672,rice
86,6,52,29.6432,91.795,6.3393,29.7826,muskmelon
69,48,41,26.0512,83.1718,4.9747,228.672,rubber
102,48,39,25.918,84.9093,6.668,75.6386,cotton
40,71,37,29.8518,79.0083,6.276,106.123,soybeans
30,10,9,15.7208,94.0454,7.4203,107.4047,orange
17,58,23,20.2834,65.0896,6.1917,43.3638,lentil
25,127,193,21.2103,93.801,5.6578,112.2447,apple
109,15,30,26.1502,56.3883,6.2456,173.7322,coffee
23,125,202,23.5301,91.7175,5.5707,105.6566,apple
14,73,25,20.6981,62.3265,5.0372,98.8728,pigeonpeas
12,57,18,20.641,61.5207,6.4316,45.1042,lentil
79,42,40,24.3443,81.3813,5.6361,228.7082,rice
103,34,74,33.4235,70.7771,6.3911,171.8854,sugarcane
23,22,43,19.0811,91.6692,6.2982,106.3219,pomegranate
89,38,37,25.1082,89.0823,6.2131,217.8837,rice
45,30,103,22.2755,63.393,6.0914,89.2416,sweetpotato
40,64,79,19.1451,17.3044,6.5023,35.4097,chickpeas
112,48,152,15.6783,74.1028,5.3055,86.4351,potato
16,60,25,26.1774,51.4528,9.6462,54.6757,mothbeans
53,70,39,24.8185,54.2992,6.8408,84.6574,wheat
81,17,46,27.1672,92.8129,6.7542,21.0777,muskmelon
22,16,6,32.1608,90.9388,7.6765,112.862,orange
25,78,46,25.8923,79.5398,6.7375,77.842,soybeans
27,136,200,23.9241,94.1046,6.0934,122.164,apple
27,137,193,22.7633,93.3146,5.666,104.5838,apple
49,57,84,17.062,19.4266,6.2749,32.0009,chickpeas
18,24,35,25.4312,94.1659,5.2857,222.8149,coconut
38,60,22,25.5528,61.8032,7.3763,63.9741,blackgram
98,17,47,27.2995,94.3699,6.1188,25.7412,muskmelon
18,125,201,23.7356,94.1805,5.6253,122.0394,apple
19,41,38,22.6648,57.527,6.7572,75.6494,groundnut
79,39,41,24.0283,80.1779,5.9239,246.8693,rice
20,137,204,21.0785,92.7056,5.7282,122.0458,apple
40,39,99,23.5257,62.8844,5.6069,94.3983,sweetpotato
41,56,84,16.9792,16.5927,5.36,42.847,chickpeas
145,27,42,19.1667,76.8617,5.2384,285.8006,tea
30,20,14,19.7087,91.7344,7.1657,116.9683,orange
20,62,40,23.8955,68.6744,6.5815,88.1958,soybeans
14,64,18,21.7723,68.3075,6.2382,50.3965,lentil
72,31,58,28.7097,80.0453,5.39,226.8932,rubber
85,11,48,27.1071,93.5956,6.7732,26.6612,muskmelon
51,37,48,18.4003,55.2281,7.1999,63.1382,barley
80,88,54,25.0904,78.3975,5.9383,104.3626,banana
40,121,199,30.4478,83.7736,5.7953,73.3475,grapes
62,48,45,27.4857,86.8761,5.3851,208.226,rubber
27,62,17,18.6485,23.2547,5.6798,91.8143,kidneybeans
39,49,51,29.5753,90.9607,6.6607,235.0034,papaya
100,6,50,28.5971,90.5205,6.5075,28.7601,muskmelon
70,40,38,21.9268,81.7089,6.3741,238.6215,rice
115,42,45,25.075,83.8153,7.9308,96.9133,cotton
15,40,15,28.7716,85.0341,6.4368,54.0207,mungbean
56,30,59,13.7321,45.3259,6.0181,49.4189,barley
85,50,70,25.4162,86.9951,4.6854,239.3836,rubber
29,132,205,22.6301,90.7877,6.1217,100.9463,apple
103,30,25,26.3661,60.5809,6.7076,172.4093,coffee
23,45,35,23.2731,61.0902,6.3786,62.258,groundnut
138,50,88,34.0502,77.8157,5.8669,224.632,sugarcane
73,39,35,24.0679,85.5267,6.133,205.912,rice
11,16,7,18.283,92.369,6.5423,108.3686,orange
64,42,28,19.1319,66.5506,5.8022,77.0208,maize
54,63,48,17.0843,56.0962,6.3048,85.4672,wheat
102,25,25,24.1588,54.0822,6.0316,182.1301,coffee
60,62,48,22.1148,53.5025,6.5644,87.4336,wheat
10,28,26,32.4653,47.6256,6.9465,94.1029,mango
41,55,84,16.7231,17.4478,5.7041,34.7593,chickpeas
21,19,25,25.0613,95.672,6.1501,226.5289,coconut
26,78,31,23.1794,71.9562,6.1483,86.35,soybeans
22,11,31,29.0071,96.2832,5.2048,156.1068,coconut
75,61,30,18.948,67.6274,6.4673,81.0437,wheat
134,47,79,26.0749,68.478,6.1565,221.4054,sugarcane
16,55,24,24.2462,65.499,5.9815,39.2344,lentil
82,10,49,24.1725,85.8736,6.6926,46.8326,watermelon
86,37,120,29.3121,62.0817,5.5063,109.5147,tobacco
48,59,46,29.6229,92.648,6.5518,247.3459,papaya
66,44,90,25.3141,60.8615,5.546,79.7369,sweetpotato
27,49,31,22.2391,61.2241,6.0731,70.5532,groundnut
86,33,51,30.8215,81.6131,4.6924,321.3687,rubber
27,65,15,18.0382,63.6941,6.7666,122.09,pigeonpeas
69,40,69,27.4173,87.1919,5.434,251.4786,rubber
38,79,49,28.4732,73.2753,6.7294,93.3709,soybeans
27,63,15,26.9299,64.6027,6.4479,41.744,lentil
26,135,192,39.0703,84.5814,5.9733,65.7299,grapes
100,49,85,32.1142,69.3331,7.2525,195.9293,sugarcane
13,14,15,16.8007,94.1529,6.076,113.3142,orange
17,120,199,23.5005,91.6128,6.3657,120.256,apple
75,44,32,19.1612,58.2842,6.5225,94.5188,maize
21,65,19,19.8103,65.852,6.1835,37.5185,lentil
44,42,55,12.5488,49.2483,7.4558,49.3213,barley
73,41,37,21.505,87.5901,5.8733,246.8393,rice
19,22,41,20.0279,86.5407,5.7306,108.7255,pomegranate
32,57,16,25.0867,67.822,6.9039,67.0001,blackgram
47,41,123,21.5358,74.5645,5.5925,77.2114,sweetpotato
95,55,140,19.4539,71.9201,5.3914,80.4416,potato
26,13,8,29.7071,93.3446,7.76,111.236,orange
59,38,65,15.055,47.2433,6.3289,55.2505,barley
23,45,19,26.8667,55.7949,8.2437,46.3246,mothbeans
76,45,33,25.6971,60.5086,6.0635,69.1423,maize
109,45,40,23.2999,77.4132,5.978,69.2124,cotton
28,63,16,21.9312,20.4694,5.8322,140.8899,kidneybeans
55,55,31,24.5646,60.6163,6.573,98.8671,wheat
100,46,43,24.7298,78.9062,7.7482,81.4627,cotton
26,65,20,22.068,56.8866,5.3769,157.5093,pigeonpeas
11,9,7,27.745,92.5085,6.8931,106.612,orange
110,34,129,21.7885,63.065,5.555,102.6556,tobacco
28,77,53,23.8094,72.5789,6.1048,97.5022,soybeans
97,8,53,26.0462,87.5792,6.2046,54.8596,watermelon
21,24,32,27.4142,50.5484,6.6073,96.6009,mango
107,46,43,22.5906,78.3937,5.9993,79.8889,cotton
27,45,23,28.9095,83.6577,7.1219,57.0387,mungbean
90,45,127,24.6136,68.5944,5.7484,119.174,tobacco
25,17,34,28.5047,92.1607,5.8836,138.4272,coconut
82,39,137,23.9479,64.8238,6.4953,100.2787,tobacco
30,59,85,17.7214,14.2164,5.6781,34.7263,chickpeas
24,14,31,25.145,98.713,5.7805,197.6898,coconut
92,90,54,26.0877,78.0953,6.4106,100.1364,banana
16,65,23,21.8848,23.6794,5.7311,94.231,kidneybeans
13,28,31,35.59,51.0475,4.8545,93.5235,mango
77,38,35,22.5703,81.3623,6.3086,211.7859,rice
14,58,24,27.8436,63.5827,6.3456,50.498,lentil
71,42,25,22.8956,59.625,5.914,82.3884,maize
27,55,24,24.5993,60.0292,7.1438,44.181,mothbeans
80,45,45,20.6812,81.7298,6.0312,207.132,rice
89,36,35,26.9278,76.9585,6.5759,191.7106,jute
159,32,59,25.9726,80.9795,5.1749,205.5406,tea
78,40,38,26.8517,78.2492,6.2417,200.5121,jute
84,7,51,24.076,86.386,6.8759,44.4099,watermelon
73,59,31,19.918,55.4456,6.3398,73.825,wheat
19,12,36,20.5857,94.2644,5.9825,103.3584,pomegranate
53,34,62,19.4455,58.0435,6.5039,44.88,barley
35,67,30,28.5023,65.4583,6.3062,93.2438,soybeans
28,73,25,22.8852,59.455,5.5142,158.7684,pigeonpeas
48,57,49,36.6319,91.2971,6.5175,240.5535,papaya
85,38,134,28.9181,66.9345,5.7883,110.5196,tobacco
20,48,18,24.774,41.294,8.3964,43.4065,mothbeans
62,34,43,26.4757,81.8181,5.6226,207.6178,rubber
22,47,19,26.2959,61.9825,8.4567,73.4031,mothbeans
37,131,196,32.0482,84.3161,5.8407,74.9937,grapes
103,48,111,29.3102,68.1092,6.2945,103.0316,tobacco
78,37,34,26.79,55.1411,6.4292,81.0388,maize
107,58,129,19.411,73.67,5.6954,89.6284,potato
14,55,15,29.3808,69.1264,5.9014,52.9494,lentil
86,11,47,25.9362,84.9864,6.4159,54.5416,watermelon
28,64,16,17.2298,21.4608,5.5806,81.8552,kidneybeans
14,45,18,24.8838,57.9978,3.8243,34.2274,mothbeans
25,69,15,19.5655,53.0974,5.4919,141.8971,pigeonpeas
98,26,26,26.4859,55.5563,6.1778,152.1703,coffee
43,46,52,24.9747,92.8586,6.7577,238.8189,papaya
72,35,45,23.8122,87.2458,5.8746,205.6305,rice
25,71,18,30.2982,48.7623,5.898,193.0243,pigeonpeas
92,49,119,25.281,67.4551,5.5978,100.9276,tobacco
17,58,19,29.1697,65.8096,6.8879,35.4085,lentil
27,21,33,29.2365,97.5166,6.2865,172.8312,coconut
65,40,107,22.175,73.0256,5.6228,92.2262,sweetpotato
82,80,50,25.1168,80.0021,6.2853,93.0225,banana
109,16,30,27.3961,51.3967,6.9893,176.3085,coffee
24,46,16,29.4281,62.8089,7.5667,49.2084,mothbeans
30,58,77,21.723,17.9024,5.3731,40.758,chickpeas
84,45,45,23.6681,82.2748,5.8918,221.8927,rice
22,125,205,22.9112,80.0653,5.8907,68.6018,grapes
80,65,41,18.7596,50.1158,6.1902,62.2877,wheat
95,16,48,27.4822,90.0988,6.2782,21.8143,muskmelon
25,55,22,27.0124,61.0264,6.3767,41.6462,mothbeans
48,55,81,17.8489,16.9498,5.949,43.584,chickpeas
82,81,49,27.1754,84.6435,5.7586,99.559,banana
19,31,32,27.7185,51.8595,4.5273,95.9093,mango
27,12,6,27.7007,94.3556,7.165,110.9511,orange
96,57,129,17.3659,74.7911,5.2806,69.4351,potato
84,42,41,26.5317,82.8145,5.7418,241.2149,rice
22,59,46,27.4809,61.8918,6.4548,60.6289,groundnut
26,24,37,20.4829,86.4414,5.9591,103.688,pomegranate
14,61,21,21.1219,62.6432,6.8298,41.4871,lentil
17,22,31,31.6071,53.9894,6.506,90.3254,mango
28,62,16,18.3556,21.2687,5.9585,60.9207,kidneybeans
22,137,198,23.2223,92.4645,6.3971,104.0805,apple
18,55,24,23.8481,21.1823,5.8009,69.7033,kidneybeans
52,53,34,15.6736,61.579,6.7206,80.0392,wheat
13,12,31,27.5813,98.4769,5.5363,130.271,coconut
125,40,85,26.5518,72.6705,6.7241,219.6085,sugarcane
25,139,199,38.6741,80.1634,5.6339,71.6132,grapes
79,42,25,26.4423,68.742,5.9864,82.2336,maize
15,13,43,19.5246,92.5413,5.7744,102.4364,pomegranate
100,43,65,33.3675,67.7139,5.6256,246.236,sugarcane
48,60,48,30.7748,92.3024,6.5309,242.6881,papaya
147,26,52,28.341,89.8703,5.0288,287.7833,tea
127,32,63,28.7644,65.1541,6.6354,216.0397,sugarcane
11,11,42,22.3089,89.149,6.4248,100.7913,pomegranate
56,34,65,18.7334,50.2064,6.6252,68.423,barley
149,30,65,24.4646,87.4378,5.4245,294.5792,tea
34,63,21,27.2138,68.413,7.185,71.8731,blackgram
39,136,194,18.9319,83.3644,5.8617,73.2456,grapes
27,51,21,28.2574,47.2749,5.1132,59.6329,mothbeans
32,64,21,25.2697,60.2353,7.4679,71.6319,blackgram
128,49,68,28.0743,77.0314,6.1111,223.6197,sugarcane
26,55,15,28.1365,68.7218,5.977,39.5903,lentil
148,26,60,28.2339,84.3018,5.3623,269.3676,tea
97,60,131,19.931,73.8743,5.6316,88.5801,potato
51,47,59,15.3901,46.8734,7.2467,49.0616,barley
28,15,35,26.9186,94.9695,5.2455,227.3744,coconut
47,64,76,21.6584,14.0337,5.8298,39.9459,chickpeas
28,21,38,24.8448,88.013,6.0306,100.5488,pomegranate
115,43,44,22.7821,75.3187,7.2652,61.8013,cotton
81,34,132,20.1235,61.3433,6.3427,118.1203,tobacco
28,73,23,31.0566,50.0281,6.1676,199.1657,pigeonpeas
78,50,38,19.4884,66.3655,6.9831,83.6326,wheat
27,50,17,29.4982,84.5356,6.3708,40.1543,mungbean
97,78,46,27.6857,76.6981,6.1376,102.1439,banana
37,123,191,18.9025,83.0773,5.9445,66.6885,grapes
19,62,20,18.2785,61.2731,6.0128,52.5518,lentil
64,49,96,22.9708,60.0077,5.5997,80.3871,sweetpotato
145,27,57,23.3525,83.5885,5.1095,216.265,tea
23,22,29,27.9382,93.2626,5.566,207.0737,coconut
20,52,23,28.6863,87.2703,6.4318,49.9672,mungbean
26,124,203,21.4628,92.5083,6.3112,110.4471,apple
21,23,25,35.2879,53.9328,5.5554,92.0116,mango
30,57,82,15.6097,19.7166,6.9505,43.2956,chickpeas
68,41,28,26.0202,56.921,6.3406,77.9344,maize
26,124,195,28.1912,83.8967,5.5623,68.7665,grapes
17,41,25,29.3929,85.158,6.7307,42.0038,mungbean
80,9,55,24.0388,85.2644,6.1633,48.8862,watermelon
80,43,28,26.9498,56.699,6.2343,83.1516,maize
18,32,31,32.5784,47.4753,4.989,99.9255,mango
50,62,41,24.9068,59.1931,6.7505,94.168,wheat
14,21,43,23.3194,86.6661,6.0319,109.2514,pomegranate
52,69,41,18.9495,55.758,6.3232,64.3104,wheat
10,5,7,18.8052,90.3777,6.4301,115.9772,orange
77,42,36,26.3422,70.5086,6.2176,174.4362,jute
93,7,48,26.861,88.5676,6.3262,48.9887,watermelon
24,79,20,28.3944,62.4894,6.8788,183.2082,pigeonpeas
29,55,20,16.2291,22.2411,5.5773,124.0806,kidneybeans
89,11,51,28.7013,93.5351,6.1177,28.161,muskmelon
67,66,41,19.0279,69.5075,6.3239,79.7482,wheat
88,80,48,26.815,81.651,5.7522,95.0447,banana
29,11,39,24.5946,93.9508,5.666,102.3072,pomegranate
84,16,53,28.8947,94.5019,6.6874,23.8946,muskmelon
45,48,125,22.5476,70.8629,6.2323,82.5596,sweetpotato
137,34,54,24.0903,80.2774,5.3901,243.1222,tea
109,39,78,29.5177,62.8719,6.0831,227.9844,sugarcane
43,45,48,14.9296,52.5654,6.52,45.8732,barley
85,30,68,32.1149,89.7917,5.55,295.684,rubber
14,18,45,18.6418,90.4263,5.7698,108.1553,pomegranate
17,41,18,28.628,89.6591,6.9434,45.1636,mungbean
70,39,25,26.2373,57.4887,5.8901,65.8023,maize
10,14,41,24.3729,88.3029,5.5754,103.3233,pomegranate
23,32,28,28.809,45.5449,4.6618,90.4041,mango
19,23,26,28.9369,48.5227,6.6575,96.4973,mango
72,31,64,29.6587,85.7015,4.9864,330.3571,rubber
65,54,37,16.5147,57.0944,6.1762,87.7359,wheat
82,19,45,29.6446,90.3491,6.4168,28.2641,muskmelon
87,19,51,24.2659,81.6341,6.507,41.616,watermelon
98,54,160,17.6459,75.5766,5.8566,62.146,potato
28,65,25,23.9306,24.6599,5.805,117.6446,kidneybeans
37,63,75,16.5029,15.0548,6.9842,32.2551,chickpeas
78,45,25,18.5256,55.0951,6.4534,66.435,maize
11,59,19,27.6896,68.6292,6.7553,42.8249,lentil
14,61,24,21.9688,60.1673,6.3168,49.9311,lentil
29,58,22,23.6721,21.3654,5.9003,113.5753,kidneybeans
77,41,40,33.7214,85.3743,5.7229,300.4341,rubber
10,55,21,20.8467,24.4045,5.5934,93.6788,kidneybeans
120,36,35,24.5243,77.0771,6.8189,69.6655,cotton
22,123,192,25.0229,81.2619,5.7055,66.9457,grapes
26,76,23,33.3894,53.371,6.1926,194.9961,pigeonpeas
18,51,33,24.1739,61.5262,6.5315,79.7942,groundnut
25,5,14,17.3974,91.651,6.6472,118.2256,orange
27,132,195,23.4391,94.4286,5.6855,121.8955,apple
36,65,21,28.307,67.3863,7.3769,71.6695,blackgram
70,40,44,24.1137,80.2037,5.8634,216.2442,rice
86,6,49,24.1549,87.3141,6.1865,46.3081,watermelon
23,48,31,27.4037,50.1808,6.0945,64.3298,groundnut
58,47,50,19.7041,45.1727,6.2665,69.2266,barley
23,57,25,17.0931,20.6016,5.8508,65.5061,kidneybeans
30,13,35,26.5762,97.5756,5.8523,159.7557,coconut
83,11,52,25.4695,88.4748,6.2945,46.4414,watermelon
68,50,101,23.572,74.6848,5.6922,79.4982,sweetpotato
82,20,47,25.4638,82.2438,6.4402,54.4357,watermelon
104,30,26,25.8721,52.3675,7.3493,154.5911,coffee
24,47,16,28.6803,81.2819,6.76,54.2801,mungbean
17,63,23,23.8754,60.6486,6.6477,45.9078,lentil
118,47,44,25.268,77.2137,7.6104,99.0395,cotton
99,16,54,29.9301,90.504,6.4842,28.4258,muskmelon
39,125,192,29.88,83.3925,5.79,70.254,grapes
77,40,36,26.543,86.9025,6.0584,208.0937,rice
24,140,192,22.9779,91.0677,5.6473,107.423,apple
28,74,60,26.002,72.9457,6.5741,83.1504,soybeans
58,48,127,24.9031,73.8212,6.0459,79.2371,sweetpotato
35,63,19,30.0652,63.1894,6.9606,69.9876,blackgram
100,80,46,26.765,75.1226,6.1181,108.443,banana
94,56,120,19.564,84.4523,5.9009,88.801,potato
82,11,53,25.1748,84.6595,6.2076,48.964,watermelon
92,76,47,26.7249,83.0171,6.0091,92.6894,banana
72,41,33,20.9086,61.4708,5.9121,78.416,maize
101,53,136,16.4999,73.1504,5.1244,63.1966,potato
12,30,25,30.0323,47.6825,4.6647,91.4721,mango
79,41,49,25.3154,84.1631,5.3463,318.7566,rubber
10,14,31,25.4574,98.1867,6.0661,163.4306,coconut
18,47,38,26.2939,54.9841,6.4435,52.6141,groundnut
27,56,20,20.4682,22.831,5.9245,65.789,kidneybeans
50,64,79,19.8398,15.8687,6.9629,30.1633,chickpeas
102,27,34,26.85,52.8813,7.0158,176.7828,coffee
103,56,122,19.1129,82.1585,5.9323,82.2331,potato
61,39,31,21.0024,56.6069,6.2581,75.2995,maize
48,35,63,13.2902,46.8664,6.8285,48.8607,barley
29,14,12,19.7436,93.7851,7.0316,108.3778,orange
11,54,17,24.8321,56.3624,9.2192,41.6629,mothbeans
88,76,48,25.6061,75.6915,5.6738,90.7333,banana
137,33,61,25.4712,87.9767,5.1532,207.9729,tea
13,10,6,30.934,93.7516,6.3338,105.3924,orange
15,43,50,24.6773,63.2159,6.1017,68.6079,groundnut
72,33,57,27.7885,86.3326,5.216,209.889,rubber
85,38,43,25.1188,89.0288,6.4505,202.5665,rice
22,123,191,25.4178,80.8291,5.9614,70.7628,grapes
18,140,190,23.026,94.854,6.1035,109.3309,apple
14,11,14,29.8793,92.6274,6.1948,114.1705,orange
40,53,50,31.2143,93.4893,6.5518,241.399,papaya
120,48,60,34.3053,78.0247,5.907,179.6208,sugarcane
11,57,23,22.3048,60.0981,6.7715,35.8057,lentil
11,49,21,29.8854,86.7668,6.2852,43.4421,mungbean
114,47,86,34.4402,69.8525,7.0804,182.6384,sugarcane
17,40,19,27.2955,80.3949,6.4572,41.8234,mungbean
28,40,23,27.3886,82.656,6.996,37.5239,mungbean
12,58,16,17.0997,65.0536,6.1446,48.8918,lentil
99,18,28,23.328,50.4479,6.7534,169.9387,coffee
15,19,38,18.1763,89.4347,5.8845,101.015,pomegranate
78,40,34,25.6283,66.3018,6.3575,62.4919,maize
52,38,91,26.2317,68.0851,5.6116,91.8072,sweetpotato
56,35,49,19.2787,50.3359,6.8268,68.9154,barley
96,46,103,23.024,63.0303,6.426,93.406,tobacco
12,133,203,22.234,90.7708,6.2647,110.5473,apple
51,53,46,16.9066,56.1919,6.0514,90.4998,wheat
105,30,101,24.0165,66.6797,6.2051,113.5333,tobacco
111,57,130,17.3341,81.1703,5.7189,68.6898,potato
48,57,83,22.6841,14.8999,6.3758,39.416,chickpeas
71,39,32,26.0157,60.9443,6.4969,86.7593,maize
56,44,53,16.2839,45.5309,6.3871,67.211,barley
11,11,10,28.7343,90.7344,6.5731,117.0319,orange
31,64,85,16.2369,16.8921,5.4877,30.0924,chickpeas
93,82,50,27.2796,80.1083,5.9805,107.6676,banana
122,32,65,34.1714,60.3964,6.7231,157.3372,sugarcane
27,10,31,29.2576,96.5974,5.7551,130.5693,coconut
12,13,33,28.9021,93.3342,5.0558,171.0825,coconut
101,49,138,25.9779,62.0056,6.1223,108.5764,tobacco
25,19,43,18.7632,93.1154,6.0174,103.3699,pomegranate
93,19,52,24.2257,87.0967,6.5814,44.3195,watermelon
21,55,31,28.85,64.1062,6.2723,50.0387,groundnut
125,43,151,15.6854,82.2255,5.4771,68.7061,potato
132,41,74,27.4855,70.397,5.7851,218.7311,sugarcane
61,43,30,18.9235,65.5792,6.3535,93.1766,maize
93,5,45,24.229,82.8873,6.6479,46.7078,watermelon
89,41,39,26.3532,80.1504,5.6204,206.4642,rice
23,13,9,27.4051,91.8907,6.3195,112.9998,orange
66,45,32,25.0005,68.1953,6.6337,99.5682,maize
121,40,86,33.3855,60.7472,7.1221,163.8867,sugarcane
86,43,37,26.2778,83.256,5.8367,200.9035,rice
109,37,128,20.5847,62.9652,6.4973,110.4452,tobacco
22,6,7,28.5328,93.1822,7.2169,109.1128,orange
101,43,105,25.1225,61.1805,5.5716,101.9256,tobacco
90,13,50,26.8691,89.9491,6.233,44.3081,watermelon
45,44,130,21.5579,69.0467,6.1031,79.8076,sweetpotato
109,57,149,17.8717,71.4776,5.5942,76.9547,potato
95,40,128,23.2388,68.4383,5.7841,111.5961,tobacco
111,49,43,24.9088,84.9778,7.3626,87.6555,cotton
83,35,44,25.9022,76.7174,6.3673,163.4713,jute
90,11,49,27.4486,94.4676,6.2232,26.3915,muskmelon
15,18,7,20.1306,91.5582,6.9605,110.5905,orange
88,40,44,23.1992,80.0075,6.2602,180.6129,jute
95,50,128,23.4794,63.38,5.809,93.3258,tobacco
123,42,158,16.7603,82.306,5.5745,67.2871,potato
87,77,51,26.3745,83.4011,5.5345,104.0626,banana
41,56,54,34.3319,92.7002,6.8046,239.5883,papaya
13,19,41,23.0038,90.2075,6.6351,108.9407,pomegranate
27,58,19,16.4765,69.8668,6.3534,38.4675,lentil
99,76,48,25.422,82.7716,5.8002,100.5254,banana
97,18,54,26.18,86.2915,6.479,49.6712,watermelon
104,18,31,23.3593,60.1425,6.6896,156.2027,coffee
47,47,91,24.9217,68.4909,6.2582,89.474,sweetpotato
30,46,21,28.6469,81.5431,6.8053,44.5437,mungbean
11,14,10,29.8078,94.1854,6.5627,119.0916,orange
65,68,45,17.1698,54.6459,6.5271,67.6936,wheat
40,59,75,22.6853,14.2821,6.7005,38.9396,chickpeas
27,49,45,23.7349,56.0553,6.5355,54.4198,groundnut
11,23,40,24.9386,89.2672,5.5616,101.2148,pomegranate
87,15,53,29.0264,94.7496,6.4772,26.0063,muskmelon
63,39,95,26.8579,63.6056,6.2067,81.6117,sweetpotato
109,28,31,24.6867,51.739,7.3472,152.9373,coffee
50,64,18,31.2274,62.5249,6.5097,72.255,blackgram
87,41,47,31.0939,83.0398,5.2162,335.5067,rubber
21,56,23,16.0376,22.3884,5.6195,139.592,kidneybeans
28,58,18,28.671,63.9416,6.8115,54.9083,mothbeans
150,31,53,20.562,81.3163,5.1029,250.634,tea
106,21,34,26.3204,60.8499,7.1849,145.1998,coffee
22,16,9,21.7239,90.6857,6.9891,105.9274,orange
25,46,15,29.9831,80.6372,6.7522,55.2904,mungbean
75,39,28,23.9758,56.09,6.6157,85.9252,maize
16,45,40,25.4565,64.8694,6.0693,86.0795,groundnut
34,55,24,29.1842,65.9836,6.7799,72.476,blackgram
130,36,89,27.6552,75.2942,5.7687,226.2357,sugarcane
78,42,39,24.191,86.2362,6.0164,171.2363,jute
66,42,51,30.201,82.6959,5.4342,345.6439,rubber
43,45,53,33.4385,93.4473,6.9523,243.8374,papaya
32,56,22,34.6627,63.5935,7.467,73.9982,blackgram
14,56,25,16.7589,24.5354,5.6485,112.4111,kidneybeans
115,49,137,17.2515,78.0346,5.0623,88.3524,potato
100,15,51,27.3119,91.4226,6.0876,26.2033,muskmelon
18,140,203,23.3384,93.6171,5.6606,124.4633,apple
25,20,31,28.9139,94.5966,5.9534,197.3222,coconut
21,49,20,26.7849,55.7395,6.393,47.8749,mothbeans
48,56,53,28.6289,91.1568,6.5696,248.3936,papaya
40,49,52,23.6672,94.6975,6.8451,246.8594,papaya
85,47,127,24.4501,62.5996,5.8382,117.7744,tobacco
43,61,16,30.6985,67.7284,6.7594,62.6298,blackgram
48,44,116,27.6233,71.7724,6.0877,92.0913,sweetpotato
27,138,196,22.1944,92.8101,6.04,119.1762,apple
82,49,136,29.1818,64.5325,6.1579,115.4039,tobacco
29,140,195,30.9161,83.2984,5.57,67.4852,grapes
85,39,50,31.8256,88.023,5.9055,232.269,rubber
90,79,45,25.6328,80.7102,5.6215,109.5454,banana
26,58,21,26.5257,43.7951,9.6889,54.452,mothbeans
25,66,30,28.3743,66.7466,6.1752,107.311,soybeans
68,45,51,30.9215,84.3431,5.4157,270.8948,rubber
101,29,34,24.1992,63.6359,6.6699,150.7643,coffee
23,132,190,19.6833,84.5416,5.9461,74.8466,grapes
109,43,90,29.1967,61.218,6.9372,160.5974,sugarcane
154,22,41,26.6039,78.2334,5.2631,236.7772,tea
27,51,18,27.9225,48.857,7.6727,55.7902,mothbeans
74,41,42,24.1196,80.6421,6.3433,170.1477,jute
68,38,28,24.6389,64.0192,5.7218,99.015,maize
138,26,49,29.5173,77.6196,5.498,272.5505,tea
30,61,18,17.3054,67.2495,6.095,40.5037,lentil
72,69,46,17.5792,63.7245,6.7501,60.3832,wheat
108,19,31,23.8373,57.6372,6.723,186.7758,coffee
106,46,140,26.354,64.7045,5.9351,105.4035,tobacco
20,65,32,27.8231,72.4165,6.4804,95.9963,soybeans
27,71,21,28.7829,63.706,5.2372,165.7617,pigeonpeas
31,65,85,21.6284,19.5907,5.3287,37.2108,chickpeas
107,17,30,23.2468,64.689,6.5659,185.4587,coffee
72,43,32,23.7216,67.9436,6.3704,95.6798,maize
50,49,60,14.6551,49.0142,6.6681,49.7216,barley
10,67,20,24.5379,61.9141,6.4895,134.8136,pigeonpeas
96,56,155,18.1281,75.539,5.2264,89.9389,potato
104,17,27,27.6907,55.3329,7.3031,153.0244,coffee
98,21,35,26.6606,64.1784,6.6069,156.1772,coffee
12,71,21,32.0751,58.9678,6.6938,180.4773,pigeonpeas
10,50,18,28.8013,54.6389,3.675,32.2525,mothbeans
81,36,35,25.0164,71.3879,6.9665,199.2945,jute
25,24,31,30.1415,45.7768,5.7669,94.7347,mango
84,6,46,29.8054,92.0402,6.0866,26.5876,muskmelon
16,9,13,33.2598,90.8711,6.733,119.4686,orange
46,55,84,15.6979,15.9774,6.1315,40.414,chickpeas
30,54,49,36.3112,91.55,6.7474,232.4618,papaya
29,16,33,28.3137,93.8267,6.3662,210.987,coconut
35,127,198,27.0454,81.5369,5.8008,65.675,grapes
72,35,45,26.002,75.2901,6.9367,180.6107,jute
91,30,109,21.971,68.9558,6.1263,98.6812,tobacco
17,10,5,21.1476,94.9469,7.1836,100.4362,orange
16,56,19,15.5292,18.2285,5.9886,126.8405,kidneybeans
118,43,42,25.1597,84.5578,7.6206,74.6034,cotton
16,138,205,21.0847,94.0745,5.7,123.8713,apple
26,77,23,27.9149,61.282,5.1142,197.4194,pigeonpeas
43,49,48,39.0901,94.1008,6.6335,244.8211,papaya
93,9,53,28.8657,91.0596,6.2675,27.4732,muskmelon
13,25,27,29.4156,96.1461,6.2923,157.1054,coconut
23,14,42,19.3173,93.7763,5.7038,109.2735,pomegranate
109,20,34,23.4254,51.0792,6.6684,166.7894,coffee
36,62,46,24.3055,74.6304,6.9279,114.3864,soybeans
10,11,35,25.4499,95.352,5.5212,141.8852,coconut
25,17,28,29.8381,97.6035,5.0956,144.4343,coconut
80,43,39,23.7023,84.4523,5.8158,242.7432,rice
16,58,18,28.6988,51.5439,6.1155,72.6309,mothbeans
79,43,35,22.9601,66.7434,6.3097,76.0731,maize
94,84,51,25.2493,80.186,6.3352,96.6096,banana
17,40,23,29.0145,85.6417,6.5779,36.0607,mungbean
119,35,76,30.0766,75.1316,6.9207,234.8396,sugarcane
29,51,42,29.04,51.7907,6.2226,70.6726,groundnut
45,50,46,36.4457,93.199,6.8197,249.9585,papaya
23,65,20,16.8251,20.9727,5.8426,98.8038,kidneybeans
40,46,47,39.8476,93.9962,6.7465,245.3311,papaya
29,45,24,27.6271,64.0649,4.8736,59.7568,mothbeans
18,55,37,22.638,63.7006,6.7863,82.3238,groundnut
29,16,35,29.2884,98.1751,5.5896,187.4421,coconut
87,36,42,23.56,82.6289,6.1506,229.2346,rice
17,122,199,23.3777,92.5675,5.6472,107.1714,apple
21,60,18,25.1646,62.6877,9.6822,41.2263,mothbeans
78,70,32,17.7629,66.4272,6.9304,87.0651,wheat
73,45,33,23.7231,64.7514,6.3756,92.2653,maize
95,83,45,27.3874,80.1523,6.3953,100.0361,banana
35,65,20,33.3831,69.8224,6.9719,72.1629,blackgram
158,27,56,22.4072,83.241,5.4565,264.3793,tea
29,73,15,30.2976,62.285,6.3997,120.1573,pigeonpeas
20,12,41,22.2832,92.646,6.1235,102.4378,pomegranate
87,40,40,25.9913,84.8229,6.3155,203.7874,jute
42,64,22,32.6664,64.3794,7.0265,69.6135,blackgram
85,40,42,22.2746,82.9519,5.6616,232.0164,rice
13,59,17,22.7618,23.6767,5.5186,78.9574,kidneybeans
14,45,21,25.0823,53.8681,7.5102,52.2616,mothbeans
34,61,82,22.8475,17.0639,6.462,42.5449,chickpeas
25,23,37,22.2026,89.3134,6.2046,108.2896,pomegranate
44,59,50,39.7098,94.9375,6.8645,237.5966,papaya
82,42,64,33.5631,86.2081,5.6573,292.3881,rubber
112,45,66,29.3263,60.4916,5.5984,218.7452,sugarcane
111,50,39,25.0599,82.0732,7.8211,72.7308,cotton
23,30,28,31.8179,45.849,6.3414,92.4231,mango
59,41,51,12.7286,47.443,6.6004,58.5517,barley
46,57,19,26.2877,65.4838,7.2679,61.6316,blackgram
16,45,40,27.3749,58.9154,6.6678,58.3969,groundnut
82,37,35,20.2265,82.312,5.5829,214.7353,rice
98,53,160,19.0067,77.1296,5.5063,75.6644,potato
123,48,35,22.8574,76.2921,5.9539,74.3122,cotton
90,12,47,25.6167,83.225,6.7568,40.9397,watermelon
13,55,22,16.4465,67.3718,6.3673,48.9023,lentil
38,60,45,30.5245,91.6444,6.9981,241.9137,papaya
30,61,85,19.7526,17.1218,6.7205,38.34,chickpeas
75,45,43,25.0169,87.662,6.0379,186.0462,jute
81,11,52,24.6723,85.7451,6.4337,49.1175,watermelon
36,59,78,21.3824,19.4741,5.8569,34.7975,chickpeas
22,76,15,33.9366,51.4724,5.5978,104.6128,pigeonpeas
124,44,138,19.3652,80.5688,5.318,79.2433,potato
47,38,49,16.6709,49.5644,6.5763,53.1366,barley
111,48,146,17.3508,76.7363,5.6161,60.4081,potato
104,41,37,24.7281,81.9364,7.6571,87.7338,cotton
13,65,20,18.3226,62.798,5.3236,142.4316,pigeonpeas
22,52,21,24.4672,44.7526,4.542,50.8813,mothbeans
29,46,23,29.0803,80.4026,6.2941,47.1543,mungbean
98,20,52,28.7119,90.3136,6.3511,25.4562,muskmelon
16,22,28,29.4131,91.3613,6.3037,198.3527,coconut
128,22,54,20.696,85.3724,5.497,285.8447,tea
37,66,40,24.1333,69.2057,6.7493,92.8001,soybeans
123,44,61,26.0401,61.5653,5.5517,188.975,sugarcane
15,47,45,29.7216,55.2679,6.9085,83.8459,groundnut
15,46,42,27.8094,58.7053,6.9415,81.2304,groundnut
95,47,109,29.7349,62.8098,5.9408,92.9818,tobacco
88,87,49,26.4874,82.4449,6.1427,98.4041,banana
17,128,198,21.66,94.8379,5.8472,115.8781,apple
25,57,15,29.3027,59.8857,3.9589,39.8395,mothbeans
121,28,46,28.1193,84.652,4.9735,217.8981,tea
88,5,48,26.988,83.106,6.302,51.6537,watermelon
60,45,26,25.2958,68.2888,6.323,77.848,maize
13,65,18,24.7151,24.5848,5.7351,74.4916,kidneybeans
14,30,25,31.0496,54.4447,5.8409,92.9501,mango
15,21,32,27.7206,93.3398,5.1361,141.7834,coconut
36,77,33,25.7015,79.033,6.6761,118.0958,soybeans
11,57,17,20.2775,21.3703,5.5593,77.6984,kidneybeans
67,58,45,19.0001,56.0136,6.0219,84.9556,wheat
23,65,22,22.5618,68.9113,6.6956,39.5992,lentil
147,24,47,27.6595,79.9186,4.7036,276.5672,tea
154,31,53,22.5949,75.4148,4.6951,210.4035,tea
80,50,41,30.2796,84.2255,5.9133,216.8019,rubber
116,54,133,17.1794,80.6935,5.9116,76.6188,potato
74,44,57,32.6636,86.4316,5.7637,204.3039,rubber
25,20,34,29.8508,48.2894,5.6682,96.5459,mango
22,23,30,29.9371,91.7962,5.7089,205.4264,coconut
40,47,93,24.7043,74.1838,6.0801,86.3431,sweetpotato
70,48,52,26.6617,88.2126,5.2581,328.4806,rubber
97,88,49,25.1504,84.3684,5.7861,97.9505,banana
28,13,37,20.6143,85.5686,6.0339,101.4767,pomegranate
60,31,54,18.8232,50.4519,6.8736,53.666,barley
89,35,39,24.3825,75.3057,6.8063,179.3593,jute
64,57,45,16.1122,50.5908,6.3677,85.3527,wheat
29,77,20,25.4705,56.076,6.2155,117.8196,pigeonpeas
128,34,65,26.4804,78.8542,7.3567,157.3713,sugarcane
88,9,48,27.4533,93.9521,6.6235,26.2287,muskmelon
39,131,197,33.0358,84.9914,5.7849,68.1724,grapes
12,45,15,29.1022,50.465,4.7945,54.8008,mothbeans
42,61,17,34.8392,65.2139,7.3701,69.0821,blackgram
14,57,19,19.0916,63.1524,6.811,36.0827,lentil
91,10,51,26.2378,85.2891,6.9062,54.0106,watermelon
40,61,18,29.254,67.6288,7.3349,66.2914,blackgram
100,88,54,26.8667,78.4836,5.947,105.0012,banana
50,42,53,13.88,59.648,6.3934,55.7363,barley
84,87,54,27.6629,79.834,6.0014,106.7748,banana
90,10,55,26.6508,80.5739,6.1949,48.6711,watermelon
107,33,72,26.0755,78.7479,6.9309,232.9409,sugarcane
74,41,32,18.9928,66.5584,6.1396,75.3862,maize
104,15,33,25.1166,57.2023,6.4529,174.5708,coffee
99,18,55,27.7673,91.8777,6.0109,21.9839,muskmelon
25,121,203,21.9474,91.1294,5.9046,101.1554,apple
41,60,84,15.1105,14.0021,6.3517,31.1313,chickpeas
30,17,33,28.4429,90.8454,6.0106,190.5531,coconut
80,17,48,29.3759,90.6065,6.6343,23.8037,muskmelon
103,18,25,26.2296,57.5231,6.5877,194.4207,coffee
84,34,68,27.5552,84.4133,4.65,319.6129,rubber
103,45,136,24.197,64.5874,6.304,109.0551,tobacco
69,42,126,20.0161,70.3553,5.6909,80.5193,sweetpotato
42,63,85,16.0891,17.6687,6.3751,37.0938,chickpeas
14,70,17,31.8018,48.6087,6.8575,158.4475,pigeonpeas
126,50,39,22.6691,76.0667,6.8839,79.7348,cotton
26,46,47,27.1368,63.1642,6.5164,78.4034,groundnut
99,8,48,25.1628,85.7624,6.6205,50.9025,watermelon
21,58,20,26.4512,61.6153,6.8045,43.3516,lentil
21,60,39,25.0396,65.2755,6.3214,85.2607,groundnut
123,30,53,22.5027,77.5577,5.4136,260.7578,tea
20,14,42,21.2728,94.0866,5.8897,107.2172,pomegranate
139,48,64,25.5149,70.6072,7.3617,189.8369,sugarcane
10,27,34,28.0851,54.4026,5.0121,95.1723,mango
83,43,36,25.4087,89.5365,6.9874,165.9654,jute
135,24,44,21.4904,83.2919,4.7237,266.7925,tea
110,15,29,24.4012,61.9496,6.1516,186.2989,coffee
27,11,45,19.0021,90.5581,6.5872,102.3079,pomegranate
60,39,58,13.0643,57.5847,6.1052,67.2861,barley
85,79,53,25.486,79.2783,6.0593,98.4189,banana
108,48,89,29.6104,64.2527,6.6192,164.1382,sugarcane
16,58,16,18.5241,24.8221,5.6119,88.5435,kidneybeans
95,30,106,28.0153,65.4352,6.4984,115.664,tobacco
19,25,35,27.0313,46.3332,5.2846,92.0364,mango
30,42,18,29.3924,89.0958,6.9859,53.4383,mungbean
104,43,64,29.4623,68.7269,7.1146,227.3491,sugarcane
80,5,45,25.8996,83.6877,6.6967,41.8843,watermelon
57,58,47,21.6602,52.193,6.0165,94.6694,wheat
115,35,40,24.491,84.3748,6.7975,60.8879,cotton
117,32,86,34.9795,77.8656,6.4888,165.3224,sugarcane
125,33,43,18.3033,88.5116,5.1566,231.8445,tea
89,5,46,25.6056,89.0038,6.5346,51.7435,watermelon
21,132,204,23.4905,93.7431,6.1626,100.071,apple
88,11,52,25.623,84.6181,6.3805,51.6189,watermelon
11,52,16,27.1233,88.0086,6.509,55.5415,mungbean
79,62,42,23.6711,69.5828,6.9765,85.2817,wheat
30,73,20,19.3354,47.8811,5.3259,129.4486,pigeonpeas
22,59,32,24.3662,55.2755,6.5792,52.1206,groundnut
27,15,28,28.3354,93.8275,5.391,203.2437,coconut
20,48,20,26.597,58.3554,9.8667,51.6482,mothbeans
27,70,36,27.5007,79.9092,6.084,86.3842,soybeans
16,42,46,26.5791,65.8745,6.8835,58.6291,groundnut
60,56,50,21.7172,63.3238,6.4184,83.461,wheat
18,51,20,28.6221,48.9804,9.4545,50.1677,mothbeans
31,59,51,23.116,75.1707,6.9369,79.357,soybeans
95,84,49,27.7601,78.0881,6.3678,108.5924,banana
87,44,43,26.2876,77.5334,6.9295,180.9324,jute
100,18,46,26.2599,88.2253,6.8788,41.7578,watermelon
39,63,85,16.3664,16.2834,5.6884,43.4122,chickpeas
100,14,51,25.6648,87.5913,6.4342,47.6429,watermelon
86,43,138,27.6171,61.6372,6.3209,118.9377,tobacco
17,65,19,26.0169,62.3314,6.5333,50.1256,lentil
23,62,15,21.7699,62.3646,5.9173,38.9338,lentil
16,51,20,28.5703,86.9417,6.3518,50.4377,mungbean
38,56,18,32.138,67.6044,7.0242,72.695,blackgram
30,57,15,32.3076,64.3396,6.9602,71.3935,blackgram
95,15,50,27.874,91.6357,6.6614,25.8202,muskmelon
85,89,46,26.4476,81.5321,6.2203,90.488,banana
15,17,12,34.1166,93.9444,7.7048,118.6783,orange
27,60,16,23.6926,22.1928,5.8368,134.3386,kidneybeans
33,128,199,22.7693,81.3122,5.9922,74.084,grapes
30,8,15,27.0293,90.9058,6.4688,108.7335,orange
34,48,53,23.1844,94.8656,6.6437,235.2045,papaya
122,29,44,25.6369,78.7716,5.3652,291.3262,tea
22,123,192,36.057,81.1857,5.7734,72.4185,grapes
25,120,192,28.223,81.4745,5.5179,72.2872,grapes
61,39,41,30.4632,84.9357,5.8422,205.4078,rubber
25,66,21,26.0673,64.6099,5.1963,130.3659,pigeonpeas
55,50,104,27.4943,64.6845,5.5667,79.632,sweetpotato
77,36,36,25.3135,86.8466,5.8756,240.8662,rice
29,46,20,29.4312,89.9663,6.3845,37.2724,mungbean
28,56,24,17.7514,19.6147,5.9231,126.9747,kidneybeans
13,23,40,23.4314,88.5986,6.3809,108.6024,pomegranate
72,45,41,20.3869,87.1675,5.7711,236.5915,rice
39,55,83,21.2369,15.6577,6.0985,33.005,chickpeas
70,39,44,26.8207,79.1898,6.5758,197.6154,jute
99,31,126,21.7946,65.0878,6.0406,90.0076,tobacco
27,60,30,25.5282,50.5473,6.8185,71.8309,groundnut
12,76,17,27.3698,45.218,6.6442,137.5079,pigeonpeas
60,36,26,24.321,59.5891,6.7886,90.748,maize
18,41,40,25.9401,56.735,6.4493,78.2818,groundnut
14,62,23,28.482,66.2047,6.6392,35.3864,lentil
96,40,140,26.4056,66.9808,5.8885,116.0392,tobacco
63,30,130,21.257,67.2768,6.1155,86.98,sweetpotato
105,35,101,22.6441,68.3459,5.7306,114.0121,tobacco
47,55,47,41.9113,93.8674,6.7382,249.6312,papaya
121,51,132,17.148,71.6658,5.6964,61.6949,potato
30,73,36,22.4842,74.8304,6.567,97.7477,soybeans
79,35,39,22.6023,88.3954,6.3217,248.4241,rice
21,22,28,34.3335,54.7287,6.036,93.6943,mango
32,137,201,34.9516,84.4926,5.9986,65.7814,grapes
81,13,45,24.1774,82.5707,6.4595,44.9074,watermelon
10,7,9,15.5082,94.9804,7.5836,113.165,orange
55,32,94,22.659,66.8175,6.4705,76.149,sweetpotato
86,39,38,20.7484,82.6542,6.1841,227.5917,rice
18,55,25,28.9191,46.1747,8.4073,53.0592,mothbeans
83,31,60,26.3922,84.4137,5.7001,341.7879,rubber
28,44,37,24.8504,68.7615,6.5727,75.2403,groundnut
17,50,30,28.3396,62.4452,6.9134,76.9246,groundnut
36,69,37,27.4546,74.4072,6.8661,82.6971,soybeans
124,45,61,33.3625,77.2889,5.614,185.7325,sugarcane
29,5,14,34.9364,92.8168,7.3188,116.9917,orange
25,76,37,29.6015,71.6164,6.1054,116.6388,soybeans
105,36,74,32.1719,73.0407,7.3958,163.0183,sugarcane
55,30,125,22.8804,65.528,6.0784,98.6748,sweetpotato
96,49,121,18.7653,82.4506,5.5959,67.7993,potato
89,47,49,32.6208,85.2307,4.7688,219.2834,rubber
26,45,40,25.0659,64.0064,6.0252,71.7573,groundnut
90,81,50,25.174,79.8113,6.2928,95.6292,banana
157,22,64,23.6648,89.2909,5.394,292.6907,tea
18,22,32,25.7629,97.8322,5.9702,142.9632,coconut
81,36,36,24.05,82.6919,6.5979,176.1595,jute
82,35,44,25.635,72.5924,6.8058,161.0285,jute
99,27,31,24.4685,56.1436,6.7667,141.6448,coffee
35,60,45,28.6096,90.8363,6.6369,236.9202,papaya
94,15,30,27.808,50.7347,6.4838,193.0225,coffee
21,65,21,28.5627,67.7008,6.0455,35.492,lentil
25,51,17,29.7171,84.7348,6.8524,39.641,mungbean
46,48,108,26.9354,61.1558,6.2304,88.1756,sweetpotato
18,64,16,20.4608,19.0313,5.9568,144.5529,kidneybeans
86,31,66,25.8582,80.2391,4.6511,246.09,rubber
38,45,48,37.1677,90.3858,6.9091,230.4692,papaya
25,20,27,35.8837,47.0653,4.8424,94.2778,mango
35,58,24,33.7895,61.3902,6.7475,63.9454,blackgram
18,14,33,27.703,93.6732,6.3503,225.7974,coconut
95,13,50,25.9395,82.1624,6.3081,47.3118,watermelon
20,70,19,19.8007,54.6276,6.2533,181.2801,pigeonpeas
119,45,35,22.3696,82.3587,6.0039,60.1884,cotton
39,58,81,18.1262,16.9886,6.5254,41.5257,chickpeas
50,53,51,24.3341,94.534,6.5472,234.8586,papaya
120,37,36,24.3741,80.8592,5.9004,69.383,cotton
82,5,53,25.3563,86.119,6.5867,42.8751,watermelon
25,48,37,29.6961,67.1959,6.5724,79.0708,groundnut
25,24,44,22.526,85.6463,5.8897,108.0585,pomegranate
28,57,44,23.1577,50.9446,6.8731,74.4109,groundnut
46,53,51,41.0284,91.9246,6.9843,247.3155,papaya
47,60,24,32.9008,63.9222,7.3279,64.6936,blackgram
64,41,35,23.2988,57.8591,6.2172,97.1618,maize
71,39,28,21.3395,60.6698,6.4009,78.352,maize
30,61,19,20.5013,23.4401,5.9191,135.2023,kidneybeans
59,52,48,21.7829,67.5087,6.1905,77.5414,wheat
96,11,55,29.2199,91.4954,6.0234,28.5091,muskmelon
23,10,35,22.3077,85.9572,6.4794,109.7739,pomegranate
124,36,36,23.9743,76.8172,6.4349,99.4609,cotton
20,137,197,26.8911,80.8223,5.8984,66.018,grapes
85,9,50,24.7828,88.8206,6.9891,49.2281,watermelon
115,33,121,24.4318,62.9154,5.7942,107.5591,tobacco
40,67,38,23.9624,71.5382,6.6162,95.7982,soybeans
89,17,50,25.6792,80.474,6.0066,42.5925,watermelon
22,55,47,27.6347,53.3241,6.825,61.1036,groundnut
39,58,50,36.4481,91.6282,6.9884,239.1202,papaya
33,57,25,28.5865,61.7828,6.5936,63.4284,blackgram
18,75,16,31.9659,60.5769,6.9061,105.1143,pigeonpeas
42,62,15,26.6938,63.2206,6.8102,63.9403,blackgram
138,37,62,28.7521,74.0532,7.1101,226.305,sugarcane
102,47,74,29.1698,62.9064,6.8083,191.3003,sugarcane
38,53,46,29.216,92.4119,6.8658,247.3973,papaya
25,55,22,22.6612,62.6298,6.8462,39.3294,lentil
93,5,45,25.4393,86.887,6.4247,48.1417,watermelon
31,72,60,29.7094,79.7179,6.9878,78.7696,soybeans
55,50,111,26.9801,74.4746,6.3309,98.8368,sweetpotato
36,46,50,39.6872,91.998,6.6346,235.5274,papaya
22,69,54,29.7222,76.515,6.2478,101.1253,soybeans
84,44,40,30.4135,85.4403,5.3095,225.2625,rubber
16,20,35,28.4103,98.0817,5.2171,219.6552,coconut
97,28,25,23.7013,53.9128,6.5575,188.3533,coffee
60,51,49,20.1011,60.0442,6.6687,61.4191,wheat
85,86,54,26.7632,79.6171,5.928,98.537,banana
32,52,46,38.6371,91.6449,6.6444,242.3979,papaya
39,56,77,15.4413,14.8242,6.7678,41.3716,chickpeas
58,31,108,23.6009,68.1722,5.5153,86.6609,sweetpotato
58,37,126,26.5954,66.3882,6.3642,79.8317,sweetpotato
34,56,75,18.1104,19.0304,5.4591,33.8753,chickpeas
16,44,31,25.9498,61.8533,6.9678,50.1653,groundnut
104,47,40,25.1975,76.1292,7.0339,92.7863,cotton
90,83,52,26.6927,75.9626,5.779,92.6708,banana
121,31,62,19.9567,83.919,4.6749,268.3444,tea
58,65,30,17.7681,58.8335,6.6773,66.7984,wheat
15,19,44,19.9936,85.6292,5.9426,106.7185,pomegranate
30,62,20,29.7491,67.9172,7.4912,71.8449,blackgram
21,17,14,33.6014,94.3527,6.7682,119.9841,orange
68,70,44,16.4026,57.2564,6.2179,63.2617,wheat
26,21,26,29.8454,45.6959,6.8411,98.458,mango
29,55,46,25.983,51.3334,6.1659,70.3633,groundnut
81,76,51,26.4366,80.68,5.5829,90.9538,banana
113,50,42,22.6778,84.9828,6.6906,75.3879,cotton
50,56,82,21.7879,14.5014,6.0061,30.1585,chickpeas
29,126,196,25.8785,80.9305,5.6877,66.0458,grapes
20,136,204,21.6968,93.9689,5.5076,111.099,apple
28,61,16,20.2313,21.9623,5.6907,65.0311,kidneybeans
74,37,32,23.1106,59.8015,6.4812,98.6508,maize
69,43,57,33.6169,87.2314,4.6572,339.4907,rubber
32,123,196,36.7399,80.5613,5.7312,65.292,grapes
101,20,27,26.7668,61.1878,6.6913,189.6472,coffee
79,37,35,22.0152,83.9357,6.4641,235.4198,rice
25,51,16,29.6266,62.5877,5.1176,53.3444,mothbeans
55,55,41,21.1468,65.5778,6.1749,68.1262,wheat
14,12,26,26.5976,97.4098,5.2565,220.7511,coconut
16,128,201,23.5818,94.4977,6.0346,103.4934,apple
31,128,199,31.6393,80.3481,5.5867,72.6321,grapes
10,59,17,24.8264,68.0511,6.0349,50.9244,lentil
28,52,44,25.512,65.1996,6.8982,74.9365,groundnut
54,32,56,13.7724,49.994,6.9719,57.2751,barley
45,65,79,15.3863,15.2074,5.7139,36.0223,chickpeas
47,46,119,23.7824,70.5623,6.487,99.1839,sweetpotato
88,15,50,26.124,84.8971,6.3702,46.626,watermelon
30,19,15,21.6436,94.9889,6.6037,117.3305,orange
149,25,41,19.1013,84.5632,5.4828,236.2818,tea
24,45,24,29.6753,40.7197,7.2608,56.2867,mothbeans
84,84,54,27.9581,76.1627,6.0563,95.5651,banana
70,44,27,23.6432,57.1827,6.437,81.3264,maize
40,42,46,18.9545,54.1174,6.5131,46.8328,barley
31,76,44,23.1757,70.8835,6.3216,97.341,soybeans
98,90,50,26.9912,75.7935,5.768,96.1363,banana
24,68,58,26.0823,72.0832,6.9458,70.3211,soybeans
128,34,57,23.2199,83.4293,4.5556,297.6198,tea
30,127,195,22.5027,92.5405,6.0135,104.5182,apple
72,41,34,25.9407,65.924,5.9744,97.767,maize
60,31,101,24.2701,60.6858,6.4847,99.982,sweetpotato
126,41,90,32.31,75.969,7.0976,219.325,sugarcane
31,60,80,22.9645,17.0908,5.9978,38.3336,chickpeas
30,45,37,27.7495,66.1442,6.0717,60.0097,groundnut
24,25,33,29.1231,95.0497,6.045,130.3501,coconut
24,54,24,29.7691,86.9345,6.5313,56.9184,mungbean
21,55,25,26.5427,60.2763,6.0318,44.2975,lentil
63,43,113,27.0939,67.8092,6.1913,79.3436,sweetpotato
29,50,19,27.3593,63.2914,4.8039,32.0525,mothbeans
23,66,60,25.9187,69.702,6.4318,118.3614,soybeans
98,57,147,16.544,70.0993,5.1599,73.3375,potato
24,56,35,22.8813,66.0112,6.8082,64.0445,groundnut
86,37,139,23.2162,66.6187,6.3965,109.7738,tobacco
30,64,49,23.0109,67.716,6.135,94.7585,soybeans
128,44,76,27.0516,68.6578,5.8024,246.4007,sugarcane
19,57,19,21.4328,63.011,6.7012,53.9126,lentil
126,43,38,23.4519,84.5142,6.4237,98.5742,cotton
29,42,48,26.0863,50.4822,6.8506,89.8968,groundnut
92,12,48,27.3428,90.2258,6.0141,27.379,muskmelon
10,55,20,18.703,23.0289,5.744,93.9597,kidneybeans
27,55,17,19.2682,69.6743,6.4446,51.2502,lentil
13,40,24,27.3614,87.0936,6.5942,47.1487,mungbean
99,15,32,26.0805,64.2938,6.4804,155.6069,coffee
50,62,17,30.1038,62.8008,7.2064,72.6057,blackgram
36,60,46,31.7735,90.335,6.5558,246.9436,papaya
49,62,21,30.4535,63.1019,6.6606,64.1301,blackgram
90,16,47,24.7583,89.5135,6.8295,40.7338,watermelon
55,41,101,21.7528,68.7133,6.0184,91.8026,sweetpotato
39,121,200,27.2929,83.8085,5.9399,71.3319,grapes
109,21,28,25.7609,55.8764,7.4125,147.6378,coffee
11,63,21,20.2192,20.4,5.7697,101.4086,kidneybeans
44,44,45,15.9119,55.9133,7.3733,66.3527,barley
64,39,67,31.0897,83.2474,5.7354,248.4755,rubber
81,36,130,20.7085,68.3022,6.2389,92.5895,tobacco
16,65,16,25.4378,65.0847,6.5188,44.8879,lentil
98,16,45,28.9465,94.2979,6.3757,28.5316,muskmelon
46,38,126,21.7617,70.5503,6.2981,79.1526,sweetpotato
87,42,36,22.8252,88.0856,6.4814,236.3908,rice
30,58,17,21.7231,64.6365,6.4074,39.0141,lentil
55,52,44,18.2128,57.3208,6.8628,87.047,wheat
41,57,78,18.0573,18.2038,6.9318,31.8747,chickpeas
26,46,16,28.4749,89.2428,6.2142,58.444,mungbean
88,41,42,25.6166,75.7388,6.7436,187.1772,jute
45,35,50,17.8436,45.1335,6.559,53.1449,barley
48,42,125,23.8235,68.8668,6.1452,86.9417,sweetpotato
73,35,31,20.8357,65.5805,6.3559,70.4925,maize
13,48,17,26.7172,63.7369,4.8105,55.0765,mothbeans
19,25,31,28.2042,93.2607,5.7484,140.1602,coconut
80,58,45,16.7049,53.7524,6.7672,68.003,wheat
13,18,34,28.602,98.7844,6.2318,153.6061,coconut
42,49,129,20.9169,71.7545,5.5527,94.9858,sweetpotato
26,56,23,15.2707,20.5111,5.7725,134.57,kidneybeans
61,39,32,24.4947,65.7679,6.6779,67.1805,maize
48,54,45,32.7476,90.1583,6.9457,248.7203,papaya
26,59,30,24.8387,79.6633,6.4111,119.7421,soybeans
88,14,53,24.4689,88.9311,6.54,53.5343,watermelon
35,123,191,30.7261,82.329,5.9381,65.8621,grapes
10,34,35,28.7031,53.1035,4.7877,97.062,mango
86,35,55,27.914,80.7506,5.0788,239.82,rubber
37,57,20,30.108,67.3499,6.8811,60.7199,blackgram
89,39,43,33.709,83.7481,5.0915,329.8444,rubber
26,52,25,27.8389,88.6756,7.0113,53.6198,mungbean
89,8,50,27.3419,93.3668,6.1342,27.6358,muskmelon
27,13,40,18.3984,91.6096,6.4276,104.7087,pomegranate
74,39,32,18.8823,55.6506,6.4489,76.9386,maize
22,23,33,28.703,53.947,6.7737,96.7018,mango
95,36,137,29.3144,67.1352,6.3978,94.1703,tobacco
77,65,34,20.9966,56.0811,6.7273,66.8861,wheat
83,13,46,26.1578,87.312,6.617,50.4625,watermelon
26,21,31,29.6432,92.5874,6.4934,183.3991,coconut
64,43,31,25.5192,67.395,6.08,87.7428,maize
94,20,28,27.1689,57.6595,6.3175,148.4966,coffee
140,33,59,23.8159,84.5331,5.4496,230.4188,tea
70,42,38,23.0976,79.6376,6.4082,152.0643,jute
47,54,54,38.9402,91.3994,6.5342,234.459,papaya
85,40,42,24.5706,79.7966,6.3104,154.3138,jute
67,37,35,24.1385,64.6597,6.0129,84.9927,maize
44,39,63,13.867,53.7907,6.9789,58.8679,barley
91,49,133,25.7393,65.3292,6.0887,101.5868,tobacco
39,126,205,23.3065,81.3765,5.6536,69.6567,grapes
25,55,16,27.4923,85.3272,6.554,46.5447,mungbean
10,75,17,31.5983,50.095,5.935,145.5303,pigeonpeas
79,43,30,19.1761,68.5907,5.9805,74.9314,maize
12,18,15,29.1028,90.9226,6.2174,115.6766,orange
28,55,47,22.45,70.8922,6.4966,92.9513,soybeans
25,137,201,18.2136,80.4945,5.5947,66.0106,grapes
22,16,12,30.023,90.2693,6.3583,118.8253,orange
72,43,39,25.3478,73.6832,6.0104,197.3166,jute
28,58,24,18.3232,19.0925,5.7501,97.4781,kidneybeans
73,36,29,21.0895,62.8453,6.4917,65.8456,maize
23,59,20,21.7763,60.1717,6.8065,48.2753,lentil
21,20,42,23.778,91.5718,6.555,101.271,pomegranate
20,71,16,29.474,57.2797,5.2923,132.5825,pigeonpeas
129,36,35,24.2707,81.0092,6.0485,88.3116,cotton
32,56,55,23.2288,90.3606,6.6464,231.6821,papaya
77,64,45,17.6091,51.2651,6.1903,94.225,wheat
15,53,21,29.0464,89.942,6.7803,38.5285,mungbean
14,51,23,28.9597,83.3059,6.7143,52.435,mungbean
150,22,47,28.1876,88.205,5.0498,281.293,tea
76,40,38,24.2397,72.6269,6.468,170.3283,jute
25,31,33,32.1837,45.3067,5.1867,91.0214,mango
81,44,41,23.9528,85.3897,5.9898,201.0641,rice
88,7,54,26.6618,82.9234,6.2684,54.4158,watermelon
112,52,156,19.6462,81.4333,5.7609,66.7171,potato
85,38,38,22.5714,87.3472,5.9039,205.8588,rice
18,53,16,27.3283,87.1337,6.786,46.9536,mungbean
40,60,80,15.3969,18.7979,6.3483,31.2162,chickpeas
16,53,30,22.5576,58.5392,6.8171,89.8205,groundnut
75,42,37,23.9362,86.9569,6.1611,249.6025,rice
44,47,52,30.8645,94.3046,6.7841,243.4223,papaya
87,8,52,24.8795,86.7444,6.6962,46.3058,watermelon
58,30,46,12.1067,52.4233,7.4761,41.7556,barley
96,22,29,23.6546,58.5344,6.7912,194.0663,coffee
40,62,78,22.2128,15.9556,6.478,37.0103,chickpeas
101,24,25,26.8498,50.9129,6.1014,198.6973,coffee
60,41,47,32.832,83.9256,5.2728,338.5346,rubber
28,69,18,24.8767,54.1179,5.0304,157.4638,pigeonpeas
15,80,16,22.6701,63.4006,6.6899,152.7355,pigeonpeas
17,45,19,29.7398,43.8876,7.664,33.9506,mothbeans
37,46,50,29.4534,90.0638,6.7998,249.8539,papaya
93,15,53,24.9033,85.5027,6.5224,53.71,watermelon
13,31,25,30.1391,49.6465,5.558,99.0521,mango
72,37,33,26.5119,59.9587,5.9375,92.3831,maize
92,12,54,28.0251,92.8717,6.2057,21.1846,muskmelon
34,56,50,33.0307,94.6949,6.6696,230.4294,papaya
98,24,31,27.2051,57.7895,7.2517,194.253,coffee
52,61,40,16.9128,65.3736,6.3988,74.0928,wheat
64,40,67,32.3529,86.4185,4.9633,236.0162,rubber
27,76,25,21.4342,64.0309,6.0145,117.5582,pigeonpeas
36,60,81,18.9828,19.9362,5.3137,31.1476,chickpeas
92,50,142,15.7143,84.7277,5.3765,71.7908,potato
40,76,39,22.8529,65.5019,6.0262,116.1907,soybeans
88,11,45,24.8963,88.6113,6.6525,40.0379,watermelon
25,140,204,21.6472,93.5429,6.3893,104.5994,apple
70,45,45,25.5816,79.7998,6.4608,174.4779,jute
90,47,152,19.8963,77.358,5.0995,85.1038,potato
48,64,17,28.7604,66.9586,7.4541,61.3142,blackgram
35,132,193,31.22,83.5591,5.5896,67.2902,grapes
129,35,41,25.2375,84.9316,6.6659,65.6727,cotton
41,64,15,32.436,68.9959,7.4489,65.4827,blackgram
29,45,32,28.7835,62.859,6.1062,66.6806,groundnut
25,49,15,27.9956,82.9662,6.4653,45.0353,mungbean
45,52,48,23.6036,91.2884,6.9285,239.9244,papaya
24,59,32,29.2262,54.5267,6.4614,89.9547,groundnut
121,40,60,25.7603,75.5292,7.0185,169.6111,sugarcane
99,10,47,25.4751,85.82,6.5651,43.0128,watermelon
30,48,46,29.9453,63.1778,6.3131,54.3452,groundnut
12,76,25,32.8029,59.698,5.3982,176.6087,pigeonpeas
102,39,126,23.8801,66.0479,5.7728,91.1213,tobacco
86,31,43,31.6906,89.1319,5.4623,213.9153,rubber
99,15,32,24.5502,53.9455,6.1702,168.3028,coffee
62,51,31,19.426,67.842,6.0232,73.6083,wheat
29,57,39,22.7301,62.4035,6.3503,74.8736,groundnut
64,46,93,21.7381,63.214,5.5419,81.4181,sweetpotato
11,52,15,27.6903,54.1862,4.0553,48.5516,mothbeans
46,60,22,33.9143,65.2041,7.2765,73.4216,blackgram
88,35,38,21.5546,82.6813,5.797,236.0587,rice
10,30,35,32.8,47.5565,5.374,91.635,mango
28,137,192,21.455,94.3677,5.891,103.5316,apple
27,15,29,27.442,95.2456,6.1353,217.9047,coconut
29,22,40,19.5993,93.2499,6.3526,107.5798,pomegranate
28,49,34,22.2895,62.7233,6.3511,66.7179,groundnut
134,40,86,26.5441,67.4353,7.0734,229.8604,sugarcane
113,37,36,23.6118,82.6317,6.1966,95.9557,cotton
38,52,53,25.155,93.3649,6.6881,241.3942,papaya
61,31,55,26.8514,86.7658,4.9695,291.9751,rubber
120,40,43,22.5143,78.2729,7.9736,96.8658,cotton
101,38,104,22.7127,62.9268,6.0821,103.9663,tobacco
156,24,46,25.1487,84.2973,4.8913,238.5356,tea
85,41,62,32.7649,80.7187,5.1683,322.0497,rubber
96,60,139,18.2396,74.1784,5.5177,88.1358,potato
107,42,41,24.1208,82.4041,7.6869,60.8273,cotton
79,39,33,24.8895,56.3146,6.1346,93.9095,maize
12,61,19,21.0549,65.2532,6.6461,51.597,lentil
70,35,32,21.6524,63.6527,6.124,69.0051,maize
100,52,142,18.029,78.1034,5.0894,85.3673,potato
146,31,59,24.8949,85.2601,5.1867,227.4987,tea
95,44,114,21.4204,61.2154,6.2071,119.3687,tobacco
16,33,32,33.4174,54.1016,4.9961,93.1384,mango
104,29,31,27.4974,51.623,7.303,157.7165,coffee
92,5,45,29.4346,93.6799,6.791,28.1998,muskmelon
91,16,48,27.9294,92.5189,6.15,28.9785,muskmelon
13,63,20,24.6432,20.7673,5.5884,89.5354,kidneybeans
92,30,122,29.7635,61.4328,6.4712,115.5939,tobacco
32,126,204,28.7554,80.8345,5.7719,74.8666,grapes
95,18,53,28.7234,91.902,6.7519,24.8123,muskmelon
57,32,50,13.7431,56.9577,6.7581,43.5851,barley
83,41,44,22.6803,88.7785,6.3017,232.4343,rice
130,38,37,25.7198,78.2991,6.0916,97.6919,cotton
126,44,38,22.6493,78.7676,5.8129,79.9247,cotton
27,19,9,22.525,91.161,6.151,118.6775,orange
40,121,192,38.4072,82.9458,5.6299,68.0607,grapes
100,17,54,28.2357,92.7049,6.5231,21.2516,muskmelon
104,23,33,27.4611,57.0608,7.2815,164.5132,coffee
100,16,50,29.0392,90.7261,6.5638,29.3675,muskmelon
23,61,15,24.8887,61.087,6.6915,48.5568,lentil
80,88,46,27.536,82.2379,5.5503,103.1273,banana
28,69,25,27.9448,59.2324,5.1088,148.2694,pigeonpeas
18,18,30,25.0928,94.3833,5.9097,194.4636,coconut
159,20,40,28.0944,78.2602,5.0744,292.4683,tea
15,33,25,28.0218,47.3402,6.725,91.0574,mango
67,30,60,32.1614,84.5134,5.1686,283.6114,rubber
80,41,40,25.5485,87.1361,6.4236,213.8478,rice
134,31,48,21.5068,82.0818,4.5005,260.1607,tea
93,17,53,25.3479,86.9891,6.2454,50.8925,watermelon
37,61,77,17.1313,16.0859,6.5043,44.2998,chickpeas
32,62,82,22.399,18.1053,6.4343,31.1827,chickpeas
72,43,44,26.0628,86.4605,6.9176,200.7838,jute
24,138,196,28.3208,83.2544,5.8202,73.6452,grapes
31,63,20,29.8624,66.1673,7.0235,61.1871,blackgram
27,42,16,29.1509,80.8922,6.6272,37.8085,mungbean
38,68,55,22.8713,69.9594,6.6563,96.0907,soybeans
83,86,53,27.0823,83.9778,5.7085,98.1474,banana
92,14,45,29.6088,92.4889,6.6614,27.0845,muskmelon
61,41,112,23.25,65.9933,5.8885,86.2047,sweetpotato
80,36,34,21.2706,57.695,6.0658,81.8357,maize
30,123,200,23.9892,93.1055,6.2747,108.2407,apple
78,41,35,23.8218,59.136,6.4862,94.4753,maize
56,36,52,17.4041,58.0743,6.428,50.2022,barley
116,31,114,25.2836,65.7955,6.1094,105.2693,tobacco
23,12,32,25.5813,96.1309,5.5591,183.7065,coconut
76,46,65,26.6564,83.8839,5.7278,263.5177,rubber
24,27,31,28.3112,52.7274,6.764,91.1335,mango
46,57,24,28.2541,63.4745,6.7865,68.7525,blackgram
132,25,44,25.4657,85.2593,5.4604,230.9607,tea
67,38,35,25.27,61.1387,5.7009,73.1769,maize
99,43,152,16.1622,84.6974,5.0489,74.3302,potato
87,40,37,22.0069,81.2964,6.1529,217.1555,rice
30,43,17,29.6683,82.1781,6.9919,50.4759,mungbean
36,126,193,26.8872,82.7797,5.5645,68.8679,grapes
79,61,48,17.2049,59.1665,6.9825,77.3946,wheat
24,65,22,18.3314,21.4434,5.7882,75.5667,kidneybeans
57,44,52,17.5516,58.4822,6.0877,63.4507,barley
15,54,21,27.9262,44.0631,9.2232,56.5881,mothbeans
96,23,35,26.885,56.6397,6.1764,168.1796,coffee
16,16,10,30.9926,93.5022,6.5357,109.7346,orange
23,10,44,24.9836,86.8574,5.5379,103.2052,pomegranate
48,65,15,27.4534,64.0728,7.0224,61.4049,blackgram
63,38,90,27.3017,64.0117,6.4464,82.6579,sweetpotato
13,46,18,29.2542,86.4564,6.2021,58.9904,mungbean
16,45,19,29.7498,84.2612,6.2024,46.5495,mungbean
118,42,109,21.8525,63.9489,6.4937,118.3707,tobacco
12,31,34,30.6787,53.5598,5.0369,91.2471,mango
86,36,42,24.8674,82.2042,6.1451,201.8212,jute
56,64,31,19.6344,64.184,6.8488,67.9168,wheat
88,44,44,23.1874,87.8515,6.6883,161.2773,jute
15,137,195,23.7799,94.8063,5.7558,124.1856,apple
56,34,61,13.5808,46.5664,7.0666,54.288,barley
30,10,10,19.0157,94.2319,6.6958,111.5012,orange
21,130,192,21.5061,92.5739,6.0477,103.5162,apple
99,41,124,21.3633,60.6492,6.4844,112.2512,tobacco
17,60,19,15.8931,20.8716,5.6868,67.3006,kidneybeans
20,16,40,19.0435,88.7162,6.125,107.8069,pomegranate
94,16,35,27.567,64.8497,6.4656,198.5296,coffee
30,10,44,20.8733,94.2204,6.508,106.6768,pomegranate
12,24,28,28.6807,94.1676,6.1881,195.9185,coconut
18,10,39,20.8936,94.5739,6.1235,105.5367,pomegranate
75,35,55,25.1095,84.9251,5.9902,299.2596,rubber
20,60,15,24.7497,41.0046,3.6903,73.7227,mothbeans
70,57,42,15.9333,63.012,6.0185,69.9579,wheat
128,43,36,24.4684,77.299,7.3254,81.0564,cotton
25,71,59,24.6865,74.5018,6.9224,93.3254,soybeans
100,38,38,23.8628,81.1553,7.2175,97.1257,cotton
124,48,88,32.5328,75.604,5.5148,192.2099,sugarcane
27,58,16,16.0154,21.1398,5.8844,86.938,kidneybeans
16,10,6,27.0717,92.1201,6.0895,109.5663,orange
73,50,50,30.9675,81.5134,4.6275,219.9425,rubber
23,61,23,22.3714,19.1982,5.9347,117.0653,kidneybeans
29,17,38,24.9958,86.9896,6.513,100.6305,pomegranate
24,136,203,22.0828,93.6701,5.9794,105.5209,apple
19,55,21,19.135,64.7647,6.0562,43.9098,lentil
26,13,42,22.8088,94.9849,5.6122,103.2716,pomegranate
65,38,28,20.003,67.2859,6.7061,72.2677,maize
64,40,27,26.7028,62.0072,6.7402,78.1838,maize
30,69,17,23.9366,60.2423,5.5219,187.0562,pigeonpeas
96,34,100,29.4954,61.0195,6.0284,99.7865,tobacco
42,63,83,22.5415,18.4347,5.6063,39.5896,chickpeas
36,58,21,34.583,68.9988,6.8636,60.0308,blackgram
125,32,44,22.3164,82.4067,4.5057,203.5169,tea
100,7,51,25.1795,80.0417,6.687,40.163,watermelon
127,38,64,26.3734,68.6335,7.0668,241.2124,sugarcane
151,23,47,23.5949,84.3956,4.5387,277.7649,tea
22,60,25,26.2233,49.9407,5.1922,74.2234,mothbeans
26,55,20,16.2482,20.0126,5.7201,94.9922,kidneybeans
85,33,118,22.6639,62.2867,6.0088,99.84,tobacco
119,45,123,27.9443,60.6212,6.1164,105.6903,tobacco
91,18,53,24.6191,83.4045,6.7305,40.7983,watermelon
10,69,20,31.2391,56.659,5.4872,145.5217,pigeonpeas
105,30,27,25.8548,52.428,7.4202,189.2284,coffee
108,19,28,24.9981,59.7706,7.1338,153.5454,coffee
19,55,25,27.2551,40.2054,7.4717,46.5118,mothbeans
24,80,56,29.6326,78.8645,6.4796,92.911,soybeans
39,79,47,27.1518,73.0522,6.3654,102.5362,soybeans
94,16,30,23.1413,63.966,6.4633,157.3256,coffee
88,37,38,26.4365,85.0935,6.7111,192.7943,jute
124,36,41,25.0679,82.6904,6.9112,83.4364,cotton
80,40,41,25.3588,77.1308,6.1887,174.1333,jute
74,37,31,20.191,62.4892,6.7495,84.5528,maize
20,34,28,28.511,51.3753,5.1806,93.1892,mango
32,57,25,28.6592,61.418,7.0434,61.3229,blackgram
85,39,42,23.0386,84.5412,6.6864,169.4833,jute
103,19,35,25.9091,52.9476,6.3393,183.7496,coffee
30,133,193,39.8107,84.9004,5.8619,68.1255,grapes
88,31,53,32.6839,86.0374,5.6704,233.3087,rubber
24,26,28,35.1722,53.6178,4.892,94.5707,mango
21,65,19,20.626,66.6684,5.9523,49.5495,lentil
37,47,50,29.251,90.8666,6.5956,242.9896,papaya
83,75,46,26.4487,76.4952,5.9044,91.097,banana
11,63,18,29.6261,62.0554,6.6934,43.7938,lentil
39,127,198,15.3529,81.021,5.5424,67.1064,grapes
31,71,59,26.8657,78.783,6.063,86.6051,soybeans
20,65,25,18.9849,54.1429,5.0413,173.7978,pigeonpeas
14,54,24,24.3251,41.3922,5.0905,58.9523,mothbeans
41,55,80,17.3796,19.5685,5.9902,39.8344,chickpeas
15,45,33,27.8916,53.4489,6.7377,67.4644,groundnut
45,57,15,34.8829,67.9331,7.0685,66.5633,blackgram
12,18,26,27.5021,97.683,5.1595,152.9054,coconut
71,38,38,24.515,83.6019,6.0147,188.7533,jute
108,49,154,18.6135,82.0863,5.9113,75.4015,potato
71,39,40,24.2265,71.6443,6.5412,186.3459,jute
22,64,21,18.1723,23.4163,5.6027,64.5796,kidneybeans
34,59,46,25.6769,94.3687,6.832,243.1041,papaya
15,76,19,19.9734,52.0863,6.202,141.14,pigeonpeas
123,42,40,22.6681,79.8774,7.8143,67.4341,cotton
77,70,39,20.0953,51.9427,6.6286,80.169,wheat
45,58,47,31.9987,90.6878,6.5208,233.6962,papaya
50,48,97,23.4063,62.2464,5.9502,88.5037,sweetpotato
11,65,18,27.5728,62.4727,5.797,157.1597,pigeonpeas
111,40,37,24.6969,83.2379,5.9002,70.4729,cotton
92,9,54,29.2214,90.8988,6.2789,24.3832,muskmelon
27,129,200,30.1773,84.7749,5.8146,67.9306,grapes
59,34,90,26.319,70.3768,6.0889,82.744,sweetpotato
36,60,33,25.5533,75.7173,6.8952,84.1595,soybeans
20,65,20,17.4728,20.5986,5.5497,130.0244,kidneybeans
80,56,37,15.5712,53.1736,6.558,99.3139,wheat
85,49,107,20.1747,69.5075,6.2171,100.9859,tobacco
112,49,108,26.589,67.305,6.2232,90.9749,tobacco
75,41,38,21.1761,88.8979,6.1715,245.4853,rice
82,17,50,29.8437,94.1532,6.0754,24.6034,muskmelon
86,36,43,25.7575,81.7545,6.3149,166.8432,jute
29,60,25,22.4146,23.2877,5.7641,84.9266,kidneybeans
29,59,23,29.091,55.2726,9.0608,57.2943,mothbeans
10,64,18,23.1381,21.4393,5.9095,143.9443,kidneybeans
40,49,64,19.148,54.2769,7.3575,56.4006,barley
23,78,24,27.6622,54.4889,5.1294,92.5912,pigeonpeas
125,35,77,33.6437,73.0069,5.8506,168.8683,sugarcane
15,80,21,28.1529,63.1526,5.4782,91.7221,pigeonpeas
116,41,42,25.4416,82.8091,6.0402,82.0183,cotton
20,138,201,38.8246,81.7167,5.7462,68.3113,grapes
55,32,62,17.0453,47.7379,6.6242,61.2154,barley
30,48,52,35.5826,92.4288,6.6339,249.2838,papaya
25,132,199,24.8696,84.0008,5.8294,67.9634,grapes
27,59,57,25.4424,71.038,6.5142,80.8838,soybeans
66,42,99,23.2496,66.9013,6.4679,79.7475,sweetpotato
43,65,76,17.98,19.3716,6.9577,39.9225,chickpeas
91,20,29,23.4845,63.1794,6.9001,156.0315,coffee
93,77,47,26.9006,81.5125,5.9641,92.7734,banana
80,38,138,29.9879,67.2262,6.3218,112.9117,tobacco
18,59,47,28.1612,69.5043,6.4346,76.6028,groundnut
90,39,38,25.1988,89.0227,6.3653,222.1945,rice
29,21,28,32.6453,51.8632,5.0109,99.2301,mango
17,20,5,19.7308,91.5371,6.0929,117.3749,orange
75,36,41,24.0164,84.9467,6.3675,228.5697,rice
45,45,52,42.0671,90.2001,6.754,230.5042,papaya
109,44,121,17.0399,79.7108,5.0027,77.248,potato
23,65,22,16.7169,67.1536,6.1487,37.4626,lentil
21,58,15,29.6358,48.6534,9.7448,47.3006,mothbeans
82,47,50,28.9712,82.9134,5.8996,284.3817,rubber
114,39,79,25.0835,72.0437,7.0951,223.0287,sugarcane
19,12,40,21.1256,87.5571,6.6394,101.7234,pomegranate
15,30,31,32.5649,48.1446,6.2692,98.2041,mango
87,42,45,24.1107,88.1231,6.5607,165.539,jute
113,47,137,28.009,66.4168,5.9971,101.0345,tobacco
33,60,33,27.8026,77.5317,6.2624,79.0756,soybeans
75,39,35,25.2653,69.8257,6.6368,75.5679,maize
39,65,15,33.4108,68.9136,7.296,61.0351,blackgram
112,35,107,20.2166,63.4215,6.2688,118.5941,tobacco
84,44,35,26.1564,87.7758,6.0616,238.48,rice
87,42,60,29.6525,85.3192,5.7689,336.6662,rubber
40,139,204,37.1351,82.7544,5.8582,71.6044,grapes
149,20,51,21.7175,83.9507,4.7165,242.0511,tea
29,51,21,24.8931,54.0174,7.1596,64.7692,mothbeans
80,9,50,27.2156,90.0336,6.7627,20.5766,muskmelon
81,10,47,27.4176,94.0682,6.1305,29.1954,muskmelon
95,8,50,24.5221,85.0362,6.8018,42.5269,watermelon
110,40,66,34.4561,67.2253,5.6481,181.9432,sugarcane
18,24,27,25.7961,98.9146,6.2953,200.1596,coconut
67,45,34,20.3147,56.4926,6.6553,78.0243,maize
76,35,36,24.3224,83.2463,5.5237,203.264,rice
20,64,22,27.0486,69.7818,6.2411,42.6178,lentil
25,76,32,26.7002,71.9687,6.2775,72.0024,soybeans
102,26,34,25.8727,57.0506,6.3598,165.4749,coffee
100,80,52,26.6231,84.3743,5.5976,101.6943,banana
62,44,54,33.507,85.2349,5.9591,328.727,rubber
47,55,20,34.2116,68.9181,6.8217,69.7779,blackgram
55,30,63,16.5661,48.1391,7.2409,40.1366,barley
93,11,48,28.3135,93.4801,6.6578,24.8831,muskmelon
87,40,38,24.0345,83.7521,6.1433,180.5661,jute
27,20,13,19.8495,94.0473,7.1734,113.8672,orange
99,10,47,27.5818,94.0545,6.5524,20.9104,muskmelon
29,25,27,27.5768,96.2116,5.7322,220.5375,coconut
39,139,197,22.1031,84.6898,5.996,73.8867,grapes
34,77,40,29.3433,66.3096,6.9071,84.337,soybeans
129,44,35,25.0939,82.825,6.0346,86.7302,cotton
25,130,199,20.8561,84.6273,5.5005,68.3298,grapes
26,64,21,16.6414,18.9295,5.5241,62.838,kidneybeans
17,55,19,24.4962,61.1847,6.5846,52.7549,lentil
32,71,58,22.5799,75.446,6.9524,105.1348,soybeans
97,76,51,25.0554,75.4238,6.0127,98.8062,banana
14,131,201,23.6223,90.4275,5.8241,123.7383,apple
27,128,190,23.8761,90.327,6.1446,123.3348,apple
110,42,39,23.1204,77.6125,5.8944,63.433,cotton
10,80,17,21.7686,55.24,5.4507,93.9281,pigeonpeas
79,35,36,24.1807,84.4382,5.6839,206.5871,rice
126,50,41,22.6078,79.7719,6.6437,60.8141,cotton
109,42,144,18.0072,74.3137,5.8699,75.5237,potato
87,11,54,26.4878,89.6114,6.1326,54.3507,watermelon
36,51,48,26.3297,74.3816,6.3822,106.1629,soybeans
78,69,36,17.3223,55.9633,6.2884,61.596,wheat
98,16,31,27.775,52.3738,7.208,191.201,coffee
28,15,13,15.6332,93.2081,7.9696,109.2305,orange
40,47,110,20.1638,72.4946,6.355,95.1687,sweetpotato
75,41,40,27.1437,88.5963,4.9597,318.5271,rubber
82,35,45,24.4809,82.7426,6.0933,212.8736,rice
60,43,59,18.1424,47.6552,6.5401,68.7879,barley
11,52,20,27.6943,83.5793,6.7241,51.4508,mungbean
50,46,55,13.5672,46.6702,7.2028,59.4606,barley
34,64,75,21.9586,17.8031,6.2399,44.255,chickpeas
26,79,17,33.9621,56.8417,5.0314,184.3517,pigeonpeas
76,45,38,26.9435,71.7551,6.3733,150.7242,jute
21,49,39,26.7583,58.9857,6.6036,62.7881,groundnut
141,34,46,26.2003,89.764,5.1601,281.8696,tea
45,49,48,37.8622,92.9009,6.5271,238.4102,papaya
59,33,98,27.5921,70.1233,5.7671,91.8192,sweetpotato
38,63,19,29.5317,61.8359,6.9117,69.898,blackgram
29,138,202,22.1174,90.1357,6.0817,101.43,apple
96,16,54,29.2472,94.9084,6.563,21.3546,muskmelon
15,58,34,26.4328,69.2192,6.3055,65.3214,groundnut
88,15,49,27.9446,93.8467,6.7841,21.2521,muskmelon
63,59,43,16.8458,63.2554,6.8665,93.5723,wheat
78,64,43,21.1665,56.1643,6.4708,78.5072,wheat
33,53,37,28.3372,72.587,6.1645,105.9559,soybeans
115,47,127,23.4221,62.0798,6.0083,117.9061,tobacco
104,53,136,16.5596,77.7867,5.6087,74.8037,potato
12,59,16,20.8583,68.1826,6.0877,44.1967,lentil
87,13,48,28.7427,92.5645,6.0948,21.0629,muskmelon
10,25,29,33.9671,50.9103,4.8961,98.6157,mango
41,48,62,13.3614,54.109,6.8184,61.4011,barley
17,48,22,27.8284,89.9239,6.5579,37.3772,mungbean
15,69,20,32.2255,53.5916,6.7344,122.9905,pigeonpeas
24,120,200,17.0142,82.5665,5.5033,72.0141,grapes
64,69,46,23.7286,68.1496,6.8376,69.6786,wheat
108,48,123,16.286,83.4623,5.164,80.3538,potato
20,54,18,27.3653,48.6865,8.5509,64.2028,mothbeans
22,35,35,30.5484,52.5647,5.341,94.9469,mango
39,55,21,32.3153,66.7769,6.6778,69.4975,blackgram
42,35,115,26.0191,68.2202,6.0161,77.0297,sweetpotato
67,39,31,22.4468,56.9475,6.6736,63.4802,maize
40,32,63,12.4946,56.5265,7.0112,54.5247,barley
79,41,41,33.6757,80.9236,4.7996,213.0676,rubber
110,28,30,26.2003,59.9855,6.708,179.4629,coffee
79,43,44,25.5407,83.666,5.4221,330.6504,rubber
19,74,24,22.836,50.4889,6.2009,139.5883,pigeonpeas
69,32,114,27.7178,73.3229,5.7054,87.1947,sweetpotato
10,12,38,19.8871,87.6888,5.6907,108.3489,pomegranate
25,136,198,31.3933,80.3372,5.5558,69.0176,grapes
88,15,47,25.2026,88.27,6.1212,43.6388,watermelon
80,35,40,26.1462,88.6864,5.9921,219.8689,rice
62,31,50,26.9368,88.0888,5.1627,227.3492,rubber
44,30,114,20.4933,64.4786,5.8363,93.0283,sweetpotato
140,29,59,18.8267,86.5534,5.3301,228.0804,tea
81,10,45,28.9754,92.7432,6.7636,29.6274,muskmelon
97,17,45,24.7755,86.368,6.7522,51.0781,watermelon
120,50,79,28.3352,74.5851,6.8467,209.3225,sugarcane
43,34,92,25.8341,61.0179,6.048,89.6263,sweetpotato
97,20,45,26.8625,88.1212,6.9212,43.1954,watermelon
116,42,148,16.0893,81.5345,5.1233,81.4271,potato
21,135,192,22.3936,90.865,5.5159,115.1227,apple
76,42,45,22.1987,82.9168,5.5109,215.5572,rice
115,39,122,21.7332,60.2645,5.5406,98.8712,tobacco
83,10,52,27.8356,93.3883,6.4765,23.3252,muskmelon
20,54,43,24.1808,60.3604,6.6605,87.8394,groundnut
32,63,76,21.7508,16.2512,5.6626,41.7908,chickpeas
85,35,45,26.9597,84.689,5.672,248.2977,rice
47,55,79,19.9743,18.7217,6.8582,38.5996,chickpeas
32,126,199,26.4587,84.033,5.9945,74.3689,grapes
102,25,28,23.6775,52.6557,7.3232,160.5778,coffee
94,8,53,29.8882,91.7046,6.2145,22.4249,muskmelon
82,39,44,23.0155,82.2649,5.9183,238.3359,rice
35,125,191,35.8388,84.9987,5.5195,71.683,grapes
33,65,22,25.1308,69.3548,6.9476,68.8214,blackgram
39,120,202,17.2007,81.7685,5.9185,66.723,grapes
42,63,20,28.5695,68.5953,7.1243,69.3068,blackgram
93,15,47,28.9553,94.1796,6.1942,24.9101,muskmelon
74,40,29,25.4033,57.1126,6.7144,82.5286,maize
29,9,8,21.2739,91.5141,6.0705,112.8203,orange
35,66,53,22.3494,71.1798,6.1331,109.8404,soybeans
10,50,18,28.6206,84.2665,6.4088,50.3295,mungbean
10,50,23,25.6002,52.1085,4.9567,44.248,mothbeans
11,47,22,27.7503,53.153,3.6776,41.5579,mothbeans
13,65,25,24.5915,18.9731,5.8104,147.0442,kidneybeans
20,52,15,28.1596,89.7751,6.4639,55.6528,mungbean
21,63,19,16.1448,22.2776,5.9974,146.4153,kidneybeans
145,29,42,22.7713,78.0232,4.5183,214.0013,tea
23,20,45,24.7538,91.1681,6.1453,100.4225,pomegranate
24,64,17,20.1668,21.8659,5.6134,141.7246,kidneybeans
46,47,112,24.5361,70.747,5.5989,75.2673,sweetpotato
36,123,196,31.8742,81.0334,5.5544,67.1462,grapes
109,31,71,30.1878,76.3684,6.6131,236.8508,sugarcane
26,61,17,29.0012,68.2928,6.3981,46.7975,lentil
12,132,196,22.9011,90.366,6.4211,122.4376,apple
21,46,24,28.9891,82.8224,6.9507,56.3591,mungbean
13,33,34,29.2928,51.7774,6.5608,90.707,mango
82,86,45,27.9845,82.6033,5.7731,99.0251,banana
24,55,25,17.4092,18.8396,5.6451,139.4069,kidneybeans
30,55,84,22.0934,17.759,5.4967,39.4201,chickpeas
19,57,43,25.6619,66.2753,6.9755,74.0883,groundnut
23,48,37,29.8335,56.0787,6.6619,50.5934,groundnut
83,13,45,25.1259,86.541,6.5895,43.9104,watermelon
130,20,61,27.5388,84.2068,5.2859,259.2318,tea
136,31,65,25.4199,65.3728,6.8967,159.6178,sugarcane
74,55,43,20.7773,63.622,6.4283,80.1514,wheat
25,68,15,24.7771,53.0708,6.0379,180.0632,pigeonpeas
43,57,20,32.8054,60.6201,6.8934,64.2221,blackgram
42,65,19,28.8645,68.9902,7.3952,63.4816,blackgram
87,12,51,29.4136,90.4453,6.5129,21.3796,muskmelon
19,76,25,29.4617,52.4053,6.2849,132.2349,pigeonpeas
23,66,40,27.9463,78.6778,6.2751,92.2816,soybeans
84,40,36,24.9859,81.8921,6.7514,173.7702,jute
16,68,22,31.5456,60.2772,6.5718,196.3245,pigeonpeas
10,55,17,29.44,88.994,7.1763,46.459,mungbean
96,28,31,27.1044,52.532,6.0481,169.9436,coffee
45,62,19,25.7969,63.3334,6.9152,67.2609,blackgram
90,37,38,25.782,73.1378,6.5565,183.9046,jute
29,49,45,24.983,64.135,6.198,68.8817,groundnut
30,20,44,20.7644,91.4885,6.0994,104.9934,pomegranate
12,33,29,30.2282,49.0266,5.257,93.2533,mango
145,27,64,19.4142,83.0519,4.7378,268.6139,tea
88,42,44,24.6886,83.2661,6.3154,221.279,rice
37,71,38,25.9893,78.0725,6.5154,80.566,soybeans
39,57,40,27.2463,76.677,6.8082,72.0576,soybeans
116,56,127,17.8542,83.3022,5.0554,85.6141,potato
48,61,84,15.727,18.2222,6.7071,30.6482,chickpeas
116,48,152,18.4517,79.3384,5.7461,78.0031,potato
17,47,25,25.7704,60.7541,4.149,31.5242,mothbeans
12,11,35,18.6603,90.9339,5.6969,107.3651,pomegranate
40,48,111,24.5078,74.9596,6.4982,91.0477,sweetpotato
49,58,16,26.6424,61.1426,7.002,61.7989,blackgram
70,43,43,25.5722,88.121,5.8778,206.441,rice
142,23,61,18.9072,82.8952,5.1319,234.6662,tea
32,134,200,17.4902,80.4989,5.6424,67.2816,grapes
23,58,22,22.0817,67.4773,6.5844,39.5495,lentil
14,65,17,21.4933,19.278,5.7303,116.3717,kidneybeans
81,75,50,27.7951,83.6723,5.8064,91.5295,banana
22,15,42,20.233,92.06,6.3021,104.3714,pomegranate
61,52,42,19.1424,50.0174,6.1001,68.951,wheat
29,52,43,29.9945,67.5717,6.2618,67.1184,groundnut
50,54,46,42.3526,91.2931,6.7077,236.3057,papaya
12,65,17,21.8626,20.3381,5.9779,113.3588,kidneybeans
37,126,195,38.4126,84.4984,5.7599,72.0746,grapes
87,42,44,25.1521,89.821,6.1925,185.8066,jute
34,80,49,29.149,77.4837,6.3073,79.2799,soybeans
70,38,69,26.2423,81.8568,5.8469,242.8522,rubber
22,46,48,26.3118,69.9491,6.9361,85.3447,groundnut
113,60,145,15.3185,71.4943,5.4826,67.0563,potato
27,45,20,29.6905,43.605,7.4904,33.1687,mothbeans
109,42,41,25.0178,77.8183,7.5999,78.5592,cotton
30,29,25,31.0534,45.4677,4.9292,96.5448,mango
28,59,53,24.4692,67.4896,6.942,101.1134,soybeans
44,47,55,34.3449,91.8394,6.6285,243.5889,papaya
19,71,24,30.8619,61.6097,6.8392,188.6362,pigeonpeas
51,42,60,13.5504,50.4043,6.135,68.2006,barley
19,27,28,33.1593,52.9981,4.9212,99.979,mango
142,27,53,29.8709,81.7161,5.2673,271.3657,tea
13,22,25,28.7131,94.2396,5.0071,226.0616,coconut
35,50,55,31.2377,91.4528,6.6999,245.3222,papaya
74,70,38,24.594,67.0329,6.1704,64.4615,wheat
21,74,54,28.9443,69.7327,6.3494,104.8745,soybeans
102,34,85,31.6707,68.1584,7.4337,190.3541,sugarcane
146,28,64,26.0997,84.26,5.4398,244.798,tea
122,54,138,15.7165,72.1061,5.3775,68.4847,potato
82,40,40,25.9278,81.0127,6.2437,248.1112,rice
11,20,45,23.8323,93.7962,6.1384,101.1699,pomegranate
11,44,17,28.779,85.7121,6.5195,44.1658,mungbean
20,130,190,23.6668,94.4532,6.3122,117.6584,apple
36,76,32,29.736,68.3962,6.0228,92.7763,soybeans
12,53,24,27.9759,83.2089,6.627,42.3871,mungbean
17,127,202,23.2804,90.1141,5.5806,123.7171,apple
75,35,38,26.2723,80.3525,6.2061,221.0605,rice
20,54,21,24.9073,40.3083,5.6123,60.9924,mothbeans
17,18,33,29.1967,95.5086,6.0591,181.2329,coconut
157,28,47,24.0408,83.8764,5.4332,201.2913,tea
75,37,39,25.6628,80.8395,5.6906,203.3886,rice
36,56,53,27.8005,90.0143,6.5535,241.8338,papaya
25,121,193,16.8661,82.062,5.5472,69.9695,grapes
30,130,191,22.3924,91.2048,5.5482,112.4363,apple
19,61,18,23.0228,66.3642,6.1391,38.8143,lentil
155,25,53,26.6612,77.5648,5.0772,291.2544,tea
20,78,16,19.681,47.8843,5.1541,141.1731,pigeonpeas
123,39,38,23.3063,77.8417,7.7103,72.9472,cotton
126,35,38,25.9777,81.4572,5.867,72.9307,cotton
14,56,21,23.778,18.7461,5.5319,86.6956,kidneybeans
91,86,54,25.1173,78.8345,5.7942,107.5597,banana
69,43,27,25.4612,56.0927,6.7017,88.1146,maize
10,51,23,26.7983,58.7626,3.8709,37.9274,mothbeans
28,135,194,23.1822,91.6945,6.1035,103.1562,apple
96,5,45,25.8066,88.4728,6.7192,52.6261,watermelon
29,53,34,29.7751,62.1943,6.7897,51.6417,groundnut
17,28,35,35.8138,46.3883,6.3307,95.5712,mango
24,58,18,28.1452,47.8235,6.0969,36.4,mothbeans
53,52,33,19.9476,67.3196,6.0034,93.6157,wheat
21,58,43,29.092,73.8608,6.396,74.2399,soybeans
28,139,195,22.2061,90.819,6.4508,119.4453,apple
100,56,157,17.7135,82.1832,5.8902,74.8275,potato
129,37,61,33.2519,67.1092,5.7961,191.5317,sugarcane
11,60,17,17.1076,69.4503,6.3512,42.647,lentil
16,60,32,22.4908,51.8516,6.6096,86.1707,groundnut
27,60,21,21.1574,68.4179,6.4013,37.1849,lentil
34,135,202,25.1168,81.0866,5.6311,67.3751,grapes
20,72,25,27.9932,50.7166,5.2321,107.7123,pigeonpeas
109,38,43,24.3699,84.5606,7.127,86.4999,cotton
59,50,55,13.1557,47.5457,6.8622,41.7578,barley
97,10,49,26.1466,88.4958,6.2329,54.9774,watermelon
30,59,22,27.2872,62.7158,7.3827,60.9263,blackgram
39,59,31,26.448,74.932,6.6823,104.6277,soybeans
27,54,22,28.9333,82.2975,6.5226,36.6707,mungbean
85,33,137,21.8665,68.3625,5.8731,115.0285,tobacco
81,6,46,26.4453,82.8251,6.1428,54.1414,watermelon
26,58,17,24.4598,53.8567,9.4969,45.7292,mothbeans
30,63,25,17.6796,64.052,6.8022,51.9794,lentil
149,22,42,25.1513,76.1088,4.6025,226.0668,tea
82,77,51,26.4615,84.3528,6.4592,90.9636,banana
92,18,49,29.8863,91.3815,6.383,22.1681,muskmelon
34,58,25,26.1172,60.4572,6.5831,74.637,blackgram
21,7,8,33.0777,94.9036,7.0438,103.6136,orange
68,39,30,22.0372,65.4331,6.4221,80.1263,maize
30,132,205,22.51,94.5437,6.3029,112.2278,apple
30,21,32,26.1743,97.5542,6.1013,196.329,coconut
83,7,55,27.4692,94.6809,6.4185,20.2773,muskmelon
28,62,15,17.316,20.1042,5.8206,88.49,kidneybeans
48,61,18,31.6843,69.2722,6.6144,72.0178,blackgram
83,34,109,25.5345,65.8866,6.2691,119.7711,tobacco
109,28,26,27.9787,62.7458,6.3872,178.0402,coffee
10,59,15,22.9609,21.4144,5.9015,104.2897,kidneybeans
92,19,33,25.0265,58.1643,6.3884,171.994,coffee
32,57,75,22.5552,16.3954,5.4895,43.1452,chickpeas
31,64,21,25.763,62.3851,7.0683,70.4654,blackgram
81,35,132,24.3116,68.1349,5.7357,99.6975,tobacco
69,69,45,17.3657,67.8046,6.3288,64.2192,wheat
17,15,34,26.2407,90.6713,5.2046,200.3815,coconut
78,61,36,23.5701,57.7677,6.434,88.2302,wheat
15,80,16,25.5295,52.7907,6.4132,149.038,pigeonpeas
22,56,31,27.6176,67.0251,6.9559,53.8621,groundnut
26,128,196,18.3139,83.2139,5.5695,68.061,grapes
95,12,54,24.6578,85.748,6.2821,52.8401,watermelon
26,13,28,28.899,93.4257,5.7871,215.6393,coconut
19,25,27,28.6249,47.612,5.8165,99.8385,mango
154,21,47,24.7439,81.0373,5.3028,296.7298,tea
92,78,47,26.7538,81.5792,6.3593,92.7319,banana
26,52,16,24.5495,57.3032,5.231,70.088,mothbeans
45,58,17,29.0749,62.906,6.8795,64.7386,blackgram
19,76,22,30.9963,56.4988,6.2644,136.7192,pigeonpeas
45,57,79,22.5491,14.7203,7.2654,31.1345,chickpeas
12,52,19,27.0095,85.5581,6.4374,51.2262,mungbean
77,33,40,28.6268,86.9735,5.8834,212.7892,rubber
29,28,32,33.4295,52.9962,5.0024,95.1203,mango
12,12,34,27.2348,94.8307,5.2788,208.6465,coconut
30,56,54,28.1719,91.333,6.6487,232.6962,papaya
23,48,25,29.5457,87.7361,6.4178,43.5212,mungbean
21,24,32,29.7405,97.0051,5.0065,185.2075,coconut
24,121,194,37.6601,80.415,5.6966,70.6633,grapes
30,55,48,37.062,94.0801,6.6735,235.3224,papaya
25,58,24,18.0428,19.4902,5.9631,80.0255,kidneybeans
60,30,98,25.2,60.7106,5.5501,78.6466,sweetpotato
96,40,152,17.224,74.1241,5.8556,74.7008,potato
124,35,41,22.0314,75.2985,6.9509,79.0832,cotton
147,22,45,29.5982,82.4043,5.2623,298.7681,tea
46,57,24,28.7865,62.8631,7.4008,69.5586,blackgram
19,6,9,17.6213,94.4048,6.3302,112.464,orange
32,60,17,34.6967,65.4174,6.9296,71.5308,blackgram
24,51,19,29.333,62.9676,9.5437,38.1215,mothbeans
44,48,51,14.2696,59.5438,7.1099,69.1498,barley
105,22,32,25.2634,58.9449,6.9254,179.7417,coffee
91,86,45,26.4039,80.1432,5.8561,100.5894,banana
80,80,47,26.7748,75.2533,5.7485,100.3119,banana
142,23,40,28.6807,86.3143,5.2464,271.2813,tea
24,60,21,17.8188,63.8512,5.9617,47.6781,lentil
27,73,21,32.9026,46.9464,6.6109,182.5202,pigeonpeas
47,49,65,13.5204,48.4502,6.3054,54.1587,barley
28,13,13,21.3838,92.954,7.8235,109.2293,orange
49,55,82,18.5148,15.0469,5.4764,32.1023,chickpeas
44,43,56,18.368,56.6889,7.4492,56.8383,barley
160,28,52,29.2527,83.5684,4.6266,253.0688,tea
118,32,106,28.6962,65.1882,5.8893,90.9152,tobacco
23,22,30,29.192,47.6296,6.5858,91.1152,mango
22,51,37,28.0588,54.1701,6.1548,85.8299,groundnut
22,9,14,16.0187,92.2744,7.5492,113.7849,orange
60,31,52,19.0755,46.7802,7.073,47.0517,barley
21,138,200,27.482,82.1076,5.8959,73.1185,grapes
28,56,16,19.6045,24.9147,5.6724,140.9312,kidneybeans
57,32,48,19.9784,52.4165,7.2269,51.3712,barley
23,70,24,31.4422,57.6768,6.528,198.813,pigeonpeas
86,10,51,26.6852,82.7771,6.2209,42.0763,watermelon
48,36,47,18.1418,52.6138,6.8205,61.0576,barley
24,20,36,19.6371,91.3621,6.1506,103.9668,pomegranate
76,70,45,22.1561,53.9908,6.8922,93.1001,wheat
126,39,68,31.348,66.6406,5.6483,236.6196,sugarcane
88,12,55,28.5345,93.6096,6.7698,20.4395,muskmelon
18,9,15,20.0401,91.5305,6.3346,103.0448,orange
24,139,195,21.3851,93.802,5.5917,104.9553,apple
94,32,136,22.9071,68.2148,5.5973,104.2092,tobacco
27,53,24,27.2575,84.9015,6.4016,41.9742,mungbean
21,43,47,24.6077,64.1217,6.308,62.6903,groundnut
80,14,47,29.4211,94.8749,6.2321,21.6869,muskmelon
11,10,12,30.8362,91.2426,6.6034,101.4294,orange
45,64,80,17.4167,18.6305,7.0648,38.5654,chickpeas
28,48,25,27.1104,86.3836,6.6527,40.2937,mungbean
80,44,67,25.2449,85.183,5.6064,345.7534,rubber
16,57,23,29.0023,42.8221,9.3031,61.7697,mothbeans
23,56,19,29.2924,61.2404,6.4327,44.0063,lentil
17,60,19,16.1388,65.7269,6.055,40.0322,lentil
94,15,50,27.9961,94.0329,6.2122,21.8633,muskmelon
64,40,31,20.784,67.9961,6.1701,86.5239,maize
91,86,51,26.3677,83.4412,6.0429,109.1349,banana
46,64,17,31.2162,66.7455,6.7147,68.9113,blackgram
129,33,80,32.7774,66.1764,5.7841,153.5053,sugarcane
11,25,34,29.32,92.4276,5.9954,187.1814,coconut
111,41,153,16.8133,79.8848,5.3997,61.4409,potato
93,29,27,27.4289,54.3776,7.1465,158.8684,coffee
48,62,81,20.9897,15.0732,6.4247,44.8181,chickpeas
45,52,55,39.8768,92.9548,6.9223,239.8493,papaya
22,5,6,26.5225,93.1419,7.5427,105.1743,orange
11,18,13,34.7776,94.1736,7.7023,116.7368,orange
120,40,44,22.4414,84.1902,7.9755,91.0337,cotton
68,51,32,16.7182,66.6381,6.665,72.4796,wheat
96,60,157,15.5662,82.2993,5.0055,77.5527,potato
99,80,48,25.6344,82.8597,6.0402,95.2799,banana
20,6,15,31.5899,92.6878,6.1222,115.0875,orange
16,59,15,16.1048,21.0468,5.5209,110.5209,kidneybeans
37,72,40,27.68,77.0604,6.642,94.2426,soybeans
16,23,33,26.1286,98.6227,5.2822,187.4827,coconut
17,16,14,34.0317,94.505,7.9623,104.7516,orange
18,20,5,33.2152,94.2871,6.0907,116.5429,orange
37,57,23,28.6331,60.2103,6.9331,73.5222,blackgram
11,21,39,18.9951,85.8516,6.157,101.1359,pomegranate
66,60,42,19.6877,67.4416,6.6612,99.805,wheat
30,64,22,22.5296,21.5016,5.7379,86.976,kidneybeans
87,83,53,27.0246,75.2123,6.0133,109.8217,banana
120,40,65,32.0755,66.5153,5.8751,246.5401,sugarcane
27,13,10,21.0096,91.3209,6.4203,106.4835,orange
83,19,54,27.855,92.4171,6.7741,23.2497,muskmelon
20,54,48,22.6671,76.6433,6.4522,82.4746,soybeans
42,44,94,26.1244,61.0934,6.0809,87.833,sweetpotato
71,41,35,26.4876,88.1828,6.0023,151.1286,jute
65,32,130,21.4809,67.5837,5.5112,91.911,sweetpotato
70,57,41,19.3411,69.0764,6.2352,96.9234,wheat
29,20,41,23.0119,86.106,6.4146,108.1011,pomegranate
80,38,45,30.8846,80.8273,5.6663,209.3603,rubber
45,41,61,14.2787,59.4021,6.8886,54.7816,barley
126,39,87,33.7719,60.5726,7.3812,185.3144,sugarcane
99,8,50,29.9513,90.4503,6.5969,23.1099,muskmelon
100,58,151,18.3836,76.47,5.2801,78.1608,potato
52,62,45,24.4887,59.1066,6.4527,82.0057,wheat
31,52,53,29.4952,79.474,6.7094,119.2559,soybeans
22,58,31,23.9916,50.1141,6.6626,73.2923,groundnut
12,131,199,22.933,93.0444,5.9961,115.2064,apple
50,49,51,38.2734,91.6398,6.562,240.5762,papaya
93,43,125,18.2133,72.8302,5.5694,82.5923,potato
78,34,70,32.2319,85.6056,5.0976,272.0695,rubber
82,47,133,27.4888,66.8105,6.0486,107.0632,tobacco
40,59,20,33.9508,63.406,7.4211,64.2815,blackgram
46,49,48,13.8306,55.3273,6.1242,60.5059,barley
70,40,40,26.2013,87.8899,5.647,223.7925,rice
19,24,44,23.0976,93.7432,5.5659,108.8352,pomegranate
79,37,41,33.5266,82.3692,4.8725,307.797,rubber
102,31,60,25.7627,60.0736,6.4493,158.2705,sugarcane
50,49,96,24.4027,65.9749,5.541,98.485,sweetpotato
83,42,45,21.5225,84.8492,6.273,236.687,rice
97,5,45,28.0904,94.3708,6.1413,27.3193,muskmelon
43,47,54,27.877,90.5249,6.8579,238.3344,papaya
79,66,33,20.4712,59.1004,6.3317,89.3862,wheat
96,15,47,28.9943,91.0543,6.5021,22.2332,muskmelon
97,52,140,18.2898,78.4447,5.5199,64.4516,potato
41,65,83,17.3365,14.5988,7.1293,31.2961,chickpeas
80,36,28,19.69,62.6878,5.7919,61.2035,maize
26,40,36,28.7221,55.0878,6.6902,83.4999,groundnut
111,43,44,25.7533,84.8112,7.8477,70.0448,cotton
10,77,21,24.5859,51.3028,6.6959,116.2752,pigeonpeas
45,48,47,18.4168,59.6905,6.1556,55.5818,barley
110,53,160,17.502,78.2029,5.6657,71.0923,potato
47,65,81,15.4565,16.0317,6.5447,36.6998,chickpeas
17,57,20,29.5735,69.9532,6.7457,36.9565,lentil
55,50,63,19.6866,52.2454,6.2573,47.1287,barley
29,11,44,23.176,92.5538,5.961,103.2541,pomegranate
19,60,18,24.4264,18.7485,5.9566,126.2954,kidneybeans
21,25,30,26.8576,90.9679,5.2055,183.7085,coconut
126,49,64,25.9667,67.7053,6.8621,224.1029,sugarcane
62,50,54,30.3776,86.8345,5.205,294.4204,rubber
21,53,22,29.7332,50.6965,4.1597,43.7185,mothbeans
18,56,15,19.067,23.3422,5.5043,99.0726,kidneybeans
79,36,39,23.8791,80.3188,6.7452,154.7555,jute
16,66,19,32.635,56.6365,5.0212,117.8983,pigeonpeas
17,58,20,27.5046,65.3749,6.6705,43.6306,lentil
80,20,52,29.2993,90.9151,6.0111,24.3196,muskmelon
92,28,29,24.2701,55.9124,6.3895,195.51,coffee
11,57,25,23.9627,61.0231,6.818,35.7677,lentil
28,51,17,28.9265,51.3919,6.8945,45.7321,mothbeans
25,72,22,21.3469,57.3451,5.0787,118.1948,pigeonpeas
30,45,16,28.0047,89.9332,6.9076,44.9962,mungbean
135,26,51,19.5768,75.1823,4.7409,206.1242,tea
71,64,39,16.3027,61.0605,6.3208,71.7647,wheat
117,47,38,22.4283,79.8661,7.8047,88.3722,cotton
24,55,16,27.1289,46.8076,8.7755,64.609,mothbeans
99,81,49,27.8399,83.8255,6.1063,99.6929,banana
25,58,45,23.0043,79.8621,6.0961,87.7641,soybeans
35,62,25,30.6318,60.1584,7.0081,72.5663,blackgram
71,66,41,24.0335,66.7619,6.9593,76.0344,wheat
21,21,35,32.2473,46.7862,4.6764,92.118,mango
90,79,45,25.7161,81.0535,5.5372,95.1184,banana
104,44,155,16.2934,82.4992,5.0727,77.682,potato
60,61,30,22.6618,56.2667,6.1141,65.7285,wheat
99,78,48,26.7005,75.3567,6.1271,106.4544,banana
32,61,82,22.8448,14.8207,6.6204,38.5454,chickpeas
126,36,35,23.2314,84.2927,5.9925,96.5206,cotton
87,80,55,26.5479,82.1045,6.3177,105.1439,banana
34,53,46,28.2892,91.738,6.6987,235.2279,papaya
19,57,21,17.1819,65.8358,6.1817,44.31,lentil
87,8,45,25.4037,84.577,6.8563,43.3587,watermelon
90,23,26,27.3293,61.9371,7.4818,142.6322,coffee
12,19,9,20.1906,91.0993,7.5793,103.9204,orange
101,19,26,27.319,58.6677,6.5034,147.4656,coffee
115,40,118,27.2726,66.467,5.6526,105.2925,tobacco
67,52,36,23.6633,50.8345,6.0003,96.1285,wheat
137,26,50,20.8991,89.1701,4.9796,265.6521,tea
125,48,144,15.2082,77.3778,5.3198,81.9157,potato
18,56,16,22.1631,20.9061,5.8389,67.9836,kidneybeans
44,60,25,28.1487,64.5742,6.5863,63.2989,blackgram
23,60,21,20.2215,23.8742,5.8712,100.238,kidneybeans
37,55,79,19.0063,16.8598,6.5767,40.6077,chickpeas
85,44,38,26.634,83.5679,6.189,217.8606,rice
16,124,198,23.6937,92.3062,6.1628,106.2762,apple
15,70,18,20.4877,60.2161,6.7071,146.3423,pigeonpeas
21,65,23,22.0273,22.2906,5.6839,124.4604,kidneybeans
30,68,54,26.1993,71.4299,6.4869,109.8473,soybeans
42,65,85,21.2276,17.4818,5.5175,40.5618,chickpeas
118,47,73,32.1321,67.4865,6.0795,170.897,sugarcane
85,44,40,25.3696,85.8855,6.3868,172.2192,jute
24,16,6,33.2894,94.9014,7.8903,104.2378,orange
65,53,46,17.8065,51.9539,6.2337,82.7877,wheat
46,62,83,22.8086,14.3421,5.6609,30.3005,chickpeas
42,36,92,21.2578,69.0987,5.9806,86.0221,sweetpotato
35,71,59,29.6016,67.8431,6.2933,74.0734,soybeans
13,49,19,27.3714,85.4842,6.5826,46.2892,mungbean
29,17,43,23.4167,85.1695,6.0414,100.7478,pomegranate
56,55,32,17.1173,53.0355,6.3007,90.4653,wheat
59,35,53,16.7087,51.6681,6.3841,41.3394,barley
58,43,60,16.836,56.6808,6.2089,67.3877,barley
45,63,18,33.8212,69.9809,7.0907,64.9941,blackgram
67,56,33,17.9658,55.0924,6.3151,64.6813,wheat
55,45,51,13.202,59.7618,7.305,46.9434,barley
99,16,45,28.4676,91.0375,6.2742,24.3272,muskmelon
83,19,45,29.0347,90.3982,6.6721,21.2954,muskmelon
134,49,65,26.526,62.668,5.6844,198.2322,sugarcane
83,90,54,26.0843,80.8267,5.5875,104.4639,banana
11,14,42,22.7207,91.8802,5.6676,101.8221,pomegranate
70,41,43,25.6796,83.6023,6.8009,160.6664,jute
67,66,34,19.7705,64.4749,6.6251,93.1208,wheat
148,35,49,19.7273,88.8535,5.3323,236.8972,tea
98,20,28,25.1118,59.7985,7.0592,177.5401,coffee
69,40,59,26.2591,81.6916,5.4954,209.3332,rubber
83,11,48,24.2427,82.2296,6.635,44.7603,watermelon
14,121,205,23.8721,94.347,6.0755,104.4893,apple
43,40,46,15.7876,46.3396,7.0794,54.2158,barley
86,19,45,24.0955,84.8195,6.0466,52.4245,watermelon
107,17,35,24.6292,60.1976,6.0672,167.3444,coffee
125,39,37,22.1471,84.6707,5.9364,82.035,cotton
110,49,45,22.5351,84.1239,7.0488,60.0439,cotton
21,128,204,36.3911,81.952,5.7183,69.1071,grapes
28,120,200,21.5404,80.4422,5.6655,68.0837,grapes
75,36,35,21.383,58.5498,6.6697,83.0336,maize
94,22,32,23.2961,63.0301,6.5962,141.6942,coffee
76,44,36,25.4098,87.4617,6.3879,202.063,rice
24,124,201,25.7245,82.5264,5.5093,69.6409,grapes
12,60,21,16.4815,18.7478,5.5896,127.1822,kidneybeans
119,49,127,19.2409,78.7981,5.7593,70.7781,potato
23,26,31,27.6605,51.2727,5.8177,97.4168,mango
22,75,19,32.926,62.4786,5.4669,182.071,pigeonpeas
26,26,35,35.1812,52.1551,4.9027,95.8557,mango
65,38,31,21.7947,67.4662,5.7352,94.6796,maize
51,35,45,17.0032,52.4706,6.5625,59.2373,barley
33,58,80,17.2833,16.6745,5.9231,34.6436,chickpeas
107,21,34,23.5724,55.0955,6.0132,172.5632,coffee
57,63,43,24.4372,55.5576,6.0786,67.7897,wheat
71,37,43,25.8569,83.9899,6.2268,215.5611,rice
25,48,44,23.1103,63.5928,6.6632,65.1296,groundnut
95,17,53,29.5462,94.7933,6.7611,26.4269,muskmelon
69,41,33,26.8908,64.7637,5.9469,72.6597,maize
22,54,16,28.7302,62.4296,8.301,45.0678,mothbeans
87,47,41,32.3754,82.818,5.7388,255.2413,rubber
22,43,18,29.7394,81.0766,7.1198,38.5089,mungbean
127,47,36,22.8156,83.8294,6.7693,77.5103,cotton
43,49,112,24.9078,60.3517,5.7309,75.5507,sweetpotato
29,62,16,20.8526,22.3996,5.6548,125.556,kidneybeans
91,24,27,26.0906,60.0491,6.1067,187.5667,coffee
97,11,50,26.9758,88.6958,6.3753,40.2052,watermelon
24,73,18,22.6825,49.9209,6.0828,154.0765,pigeonpeas
50,46,56,16.323,49.9025,7.1629,49.8532,barley
105,33,75,29.3469,63.8785,6.8507,203.4781,sugarcane
16,24,34,35.0854,45.6021,5.178,99.8294,mango
90,79,55,27.4177,83.7178,5.538,100.7235,banana
36,46,54,41.5909,92.5675,6.8704,245.7216,papaya
139,35,62,26.2257,68.3046,6.6066,192.1442,sugarcane
17,122,193,23.3265,92.9916,6.3585,110.5831,apple
45,50,52,14.5185,57.8878,6.9173,44.5559,barley
69,35,28,25.2309,57.2068,6.0019,65.8554,maize
93,15,33,23.7877,60.274,7.0138,191.8793,coffee
88,85,54,27.0133,76.2264,6.2102,105.956,banana
44,55,50,24.8498,93.7823,6.821,238.045,papaya
17,58,36,23.1108,53.9227,6.2966,50.3115,groundnut
46,33,62,17.1106,45.0646,7.2793,68.0388,barley
16,60,40,27.8456,63.9996,6.3286,79.4379,groundnut
18,26,32,34.7021,48.8478,4.9725,95.7709,mango
44,44,124,24.1498,67.0979,5.6191,91.6264,sweetpotato
55,67,47,16.0882,55.8343,6.4013,69.3246,wheat
38,61,78,15.6862,15.2263,6.6709,33.8822,chickpeas
12,48,24,26.3119,44.7496,4.0509,69.0984,mothbeans
25,128,204,21.2236,94.7656,5.5924,109.5162,apple
87,37,46,27.5619,86.5709,5.855,266.4684,rubber
28,49,40,29.3977,54.4664,6.0647,80.3998,groundnut
16,60,23,24.2105,44.7781,9.3176,60.2014,mothbeans
52,49,53,18.6923,52.3681,7.242,66.4992,barley
70,41,40,25.9567,85.7893,5.8834,242.5042,rice
109,37,74,31.773,63.644,6.6085,213.8571,sugarcane
46,31,51,13.2515,48.3687,6.4066,56.4583,barley
29,52,24,29.061,49.9097,3.7964,43.0285,mothbeans
50,47,120,20.9894,69.4157,6.3287,89.4148,sweetpotato
30,55,16,29.9221,53.3989,4.346,61.9307,mothbeans
72,37,34,26.4519,63.948,6.6542,89.0788,maize
55,67,33,24.1939,61.8068,6.6726,74.5292,wheat
21,22,25,28.8839,91.3315,5.3717,166.1745,coconut
25,70,20,21.5931,55.4516,5.5701,192.1139,pigeonpeas
110,50,134,26.371,63.0023,6.2559,108.1486,tobacco
87,30,46,33.3292,83.6507,5.8137,271.9644,rubber
17,17,43,23.6852,87.5213,5.5241,108.0884,pomegranate
79,65,47,22.0154,55.8501,6.4767,63.6256,wheat
24,7,13,22.4472,94.0367,6.5897,102.8067,orange
25,31,28,32.0468,50.1956,5.4502,94.2677,mango
30,131,194,34.3087,83.7116,5.6524,73.85,grapes
88,13,47,27.5734,91.3244,6.5127,20.0955,muskmelon
30,51,23,28.0017,82.0291,6.7471,42.2783,mungbean
130,34,78,29.6966,60.7838,6.8172,172.2245,sugarcane
50,48,127,25.372,61.9587,5.9835,98.1919,sweetpotato
108,41,39,23.9126,77.1686,7.4165,79.0807,cotton
60,67,48,21.8166,69.2262,6.7207,74.752,wheat
25,127,200,30.5559,80.2736,5.7087,65.2878,grapes
18,52,16,27.9242,47.1594,6.9486,42.2571,mothbeans
30,40,40,26.3347,62.3315,6.5555,87.3191,groundnut
60,37,26,19.159,69.9497,6.5531,74.1532,maize
35,59,81,20.3057,14.2886,6.1258,39.653,chickpeas
74,45,37,24.9157,71.2338,6.4914,201.3054,jute
27,48,25,27.8667,82.5388,6.5546,57.8418,mungbean
106,31,63,28.0601,76.7702,6.0496,179.1805,sugarcane
18,62,22,16.4138,22.0681,5.8251,104.3453,kidneybeans
24,17,37,24.402,91.5965,6.1228,100.8822,pomegranate
15,127,191,21.6568,91.7381,6.464,107.1904,apple
22,13,27,26.0908,96.9916,6.4175,218.8715,coconut
29,50,16,25.6178,50.3686,5.3385,66.9241,mothbeans
71,36,35,23.2464,74.7597,6.448,173.7188,jute
116,33,106,20.3202,61.3316,5.7886,116.4189,tobacco
95,20,54,27.4379,93.3685,6.4852,21.8839,muskmelon
83,44,42,22.9339,84.6826,6.3503,206.9728,rice
22,40,21,27.9541,87.1372,6.4342,50.0642,mungbean
88,81,52,26.4268,75.3233,5.6748,93.8978,banana
39,127,196,22.6714,80.6493,5.9637,67.5748,grapes
30,48,24,29.7559,84.5309,6.3336,54.384,mungbean
46,57,76,18.8253,15.4399,5.644,38.9921,chickpeas
26,58,18,16.4374,19.9104,5.9303,126.0844,kidneybeans
33,126,193,28.7566,80.6019,5.8239,68.163,grapes
113,56,126,18.0355,78.5786,5.6022,89.842,potato
15,19,13,23.7557,93.4459,6.6724,113.4642,orange
63,38,30,18.414,57.1309,5.767,93.6266,maize
14,138,192,23.0901,92.0162,5.5911,101.0308,apple
100,81,55,27.0593,84.4229,5.6774,96.0014,banana
37,54,48,33.0754,92.1338,6.5486,245.1752,papaya
10,68,21,26.4903,56.283,6.5121,141.7226,pigeonpeas
17,12,38,19.6513,91.8684,5.5027,109.3077,pomegranate
12,23,41,22.4314,93.614,6.4379,101.083,pomegranate
116,30,84,29.0082,61.3956,5.5625,165.1586,sugarcane
36,56,49,25.3082,93.8965,6.83,239.7794,papaya
90,38,43,20.2684,81.2125,6.197,226.31,rice
33,56,37,29.3044,78.1915,6.1087,80.329,soybeans
108,40,151,16.8649,78.6168,5.0203,61.6749,potato
19,43,24,28.1839,84.4007,6.8886,37.9039,mungbean
94,23,34,23.7261,56.8342,6.9684,160.639,coffee
27,130,195,22.754,94.6145,6.3078,112.0187,apple
97,17,32,23.7306,61.1746,6.6496,158.1981,coffee
70,36,34,24.7543,56.4154,6.1709,78.5543,maize
76,56,37,20.448,53.1382,6.3873,80.4113,wheat
26,68,25,25.6475,51.4617,6.3621,119.7677,pigeonpeas
67,32,58,31.8887,85.6023,4.678,304.0847,rubber
104,24,27,26.5293,60.2045,6.1342,149.2044,coffee
13,49,18,28.1928,88.7385,6.7175,41.2076,mungbean
22,68,24,23.6247,58.9772,6.1185,198.3621,pigeonpeas
98,39,129,22.1232,69.0494,6.0878,94.4061,tobacco
44,56,76,16.6007,15.1749,5.7189,38.4972,chickpeas
24,57,44,23.5493,50.9011,6.0903,66.8322,groundnut
81,38,125,25.6938,60.412,6.0555,107.5912,tobacco
48,56,19,28.9253,68.5736,6.7822,73.2109,blackgram
73,36,30,23.5888,60.7537,5.9565,76.7168,maize
14,13,43,20.3806,92.1753,5.8546,107.6341,pomegranate
13,31,27,28.5092,50.6592,4.5069,98.0825,mango
81,39,40,26.0799,78.1491,6.6552,197.0686,jute
81,10,47,28.2257,91.6524,6.5327,20.3623,muskmelon
91,11,51,26.4631,87.0216,6.318,49.346,watermelon
19,17,15,29.7474,92.0273,7.6485,106.8545,orange
75,42,44,23.5414,88.1409,6.2522,184.0723,jute
80,40,66,31.1311,89.4666,4.9222,246.3459,rubber
30,54,17,28.7722,85.2411,6.3076,55.5052,mungbean
122,30,88,27.9606,70.6001,5.6254,215.408,sugarcane
138,23,45,20.8326,77.0615,4.7618,288.2902,tea
24,56,19,17.4556,65.5633,6.2714,37.4632,lentil
91,7,55,26.1679,85.8184,6.9488,49.5999,watermelon
88,19,50,25.0465,80.3226,6.3838,41.9781,watermelon
111,44,126,29.7162,63.631,5.9357,95.7371,tobacco
18,11,6,21.8259,92.2089,6.4754,114.6007,orange
26,53,42,26.277,65.4728,6.0188,83.2366,groundnut
60,44,59,25.5066,88.8328,5.181,326.7706,rubber
11,63,20,23.3533,18.5218,5.5468,73.7638,kidneybeans
21,48,22,29.2073,43.5679,8.56,40.8771,mothbeans
67,42,45,29.6424,85.1058,5.2809,300.2423,rubber
85,37,43,25.3583,83.2175,6.165,152.6433,jute
98,42,128,15.3692,81.6452,5.4552,65.3183,potato
15,10,9,34.9801,91.7089,6.6651,113.3176,orange
33,59,25,31.3829,67.2841,7.1224,60.2085,blackgram
41,37,93,22.6495,69.3911,6.4794,77.5367,sweetpotato
125,57,142,17.79,79.6545,5.3743,71.587,potato
19,50,22,27.0337,41.0323,8.0724,46.0609,mothbeans
32,56,18,26.186,61.0467,6.6167,70.4559,blackgram
120,21,43,25.3815,85.5418,4.7532,217.3651,tea
98,75,46,26.0187,77.6537,5.838,101.3944,banana
28,62,25,21.9023,69.5309,6.3283,39.3085,lentil
88,44,38,25.4577,76.103,6.8775,178.9155,jute
78,36,36,25.5184,75.8433,6.9457,200.4316,jute
100,15,52,26.5375,85.3094,6.9827,50.191,watermelon
30,56,15,26.0938,68.5618,7.3527,73.0278,blackgram
18,32,33,28.5116,51.2389,5.958,95.3234,mango
45,38,45,14.357,53.8353,6.9084,58.9346,barley
61,39,35,26.9871,55.4869,6.7637,78.2994,maize
44,57,82,15.8761,17.6852,6.4988,33.0097,chickpeas
85,20,45,24.2527,83.721,6.9494,42.579,watermelon
48,64,81,16.3719,19.1537,6.7367,35.4323,chickpeas
48,33,117,23.0072,67.873,5.818,75.1577,sweetpotato
11,34,31,29.4898,47.2019,4.7529,90.4491,mango
118,44,43,24.1867,78.6023,6.4595,90.8802,cotton
47,39,95,27.3871,70.7927,5.9627,93.9955,sweetpotato
14,67,21,32.3479,63.6213,5.3546,128.343,pigeonpeas
49,46,62,19.1131,50.5192,7.2072,68.4753,barley
76,43,39,22.034,86.1667,6.3475,208.4004,rice
112,43,38,25.7313,82.9487,7.0827,88.519,cotton
50,39,122,24.5057,63.1951,5.8843,92.5733,sweetpotato
54,57,41,24.4681,64.9553,6.6089,67.7638,wheat
41,57,80,15.8211,17.2973,6.8708,32.3482,chickpeas
45,58,47,25.9008,90.4664,6.9794,233.7054,papaya
12,52,25,28.1409,80.8843,6.6148,42.4622,mungbean
155,32,57,21.0012,80.3246,5.2904,283.3694,tea
25,58,19,28.4541,40.8468,7.6997,46.0331,mothbeans
134,43,67,29.385,71.366,5.5939,153.7939,sugarcane
72,39,47,29.9782,82.268,5.0766,298.3705,rubber
26,9,12,33.4711,92.0046,7.005,108.5589,orange
68,40,29,25.8792,67.33,5.9735,81.7485,maize
60,51,34,22.4883,59.09,6.3833,83.7737,wheat
25,43,24,29.3868,86.3516,6.2671,49.3306,mungbean
106,46,44,24.454,76.4232,7.9255,93.3291,cotton
27,125,203,22.4114,90.6714,6.3298,114.0268,apple
156,30,48,23.9979,75.548,4.6153,205.5425,tea
31,120,190,38.0345,81.2298,5.6879,73.8047,grapes
43,57,15,29.723,62.1431,7.1943,60.5567,blackgram
15,19,28,25.1778,96.9858,5.786,201.5092,coconut
42,49,108,24.854,68.5173,5.9649,91.174,sweetpotato
82,38,65,30.4502,87.2847,5.9101,309.4621,rubber
74,38,39,26.6208,85.9503,5.9003,244.7597,rice
86,13,48,25.4475,88.5708,6.9525,46.5133,watermelon
105,35,35,23.8076,75.6304,7.2961,92.7013,cotton
30,6,6,34.3456,94.0456,7.0499,105.9443,orange
11,134,199,22.1692,93.0278,5.6153,119.4245,apple
104,17,35,23.0358,53.8255,6.0829,157.4318,coffee
23,135,205,23.2038,94.2193,5.7889,122.2915,apple
22,54,37,23.422,69.968,6.6554,105.09,soybeans
135,46,82,33.174,67.1915,6.697,175.5118,sugarcane
45,51,45,42.8007,91.4852,6.5879,242.3429,papaya
30,77,60,25.6054,78.7702,6.9844,96.2275,soybeans
20,57,25,20.9201,69.5448,6.8685,48.3599,lentil
64,36,68,31.9131,84.004,5.8065,331.605,rubber
126,46,65,32.2031,67.3746,6.3771,155.7335,sugarcane
70,57,31,20.1635,53.5887,6.2764,63.6524,wheat
15,49,15,27.7378,57.5012,4.7024,47.0193,mothbeans
46,62,76,18.3897,17.2101,5.9305,31.1539,chickpeas
91,41,147,19.5811,79.1813,5.2658,69.8956,potato
26,19,6,19.0946,90.6284,6.3888,110.6664,orange
48,37,46,12.8047,50.3119,6.6762,50.0084,barley
88,32,138,25.3894,68.6621,6.1916,92.636,tobacco
19,51,20,29.9464,86.9241,6.6833,56.5449,mungbean
86,42,36,24.3259,70.5105,6.6156,204.8191,jute
17,72,23,28.9117,61.4184,5.1213,98.1396,pigeonpeas
105,38,61,27.9389,63.8069,6.2082,222.0344,sugarcane
84,46,60,29.7863,80.25,5.9166,339.6009,rubber
24,63,41,29.4721,68.6775,6.4023,115.9864,soybeans
26,41,19,29.4741,82.0914,6.2958,44.4475,mungbean
39,55,85,16.6204,16.6611,7.0399,36.4601,chickpeas
21,26,29,34.5966,54.8024,6.9966,90.0851,mango
24,122,195,17.9413,83.4558,5.9101,73.9882,grapes
130,46,44,25.3769,80.2597,6.7258,95.0278,cotton
87,43,39,23.5944,80.6252,6.2021,156.1462,jute
49,58,84,21.2788,18.5573,5.4668,42.7422,chickpeas
97,90,54,26.2329,83.8203,5.9689,103.956,banana
24,13,26,25.0896,93.0133,5.4862,175.828,coconut
32,48,55,23.5502,91.6008,6.8764,241.4829,papaya
65,43,34,21.4522,64.0034,6.6438,69.8121,maize
27,56,15,18.9716,60.6607,6.7134,47.5542,lentil
44,59,80,19.0818,17.6502,7.2513,31.6586,chickpeas
105,37,134,24.6325,63.0578,5.7055,90.6549,tobacco
102,48,130,19.9222,84.5002,5.2077,86.3772,potato
34,138,204,32.8655,82.0046,5.5271,65.3624,grapes
47,58,83,21.8879,17.1475,6.2016,40.0316,chickpeas
157,33,49,26.4361,75.3628,5.3522,209.2192,tea
30,12,30,26.8039,91.4896,5.5122,218.1777,coconut
29,55,18,21.8458,18.1746,5.8593,102.4047,kidneybeans
18,44,22,29.0369,83.4869,6.4023,57.1014,mungbean
22,11,39,23.8822,86.3771,6.2295,109.4615,pomegranate
107,16,27,23.8421,57.3909,7.2873,194.6029,coffee
16,48,19,29.4288,43.946,9.8281,30.3274,mothbeans
14,13,26,27.12,96.218,6.2279,220.7979,coconut
28,42,20,29.7927,80.5055,6.4204,44.3026,mungbean
10,41,21,28.9869,85.6485,6.7779,50.456,mungbean
42,53,45,37.0472,92.1806,6.5935,239.613,papaya
151,33,50,29.156,76.5191,5.3198,251.099,tea
64,54,34,22.2004,55.5122,6.7875,71.8612,wheat
11,14,45,20.0308,91.775,6.2736,104.7638,pomegranate
11,24,31,30.7374,47.0112,4.9005,92.1308,mango
38,55,21,28.0405,64.7593,6.656,74.5938,blackgram
19,13,39,22.8737,87.2471,6.5231,101.1301,pomegranate
95,50,101,29.6597,63.1444,6.2921,118.1529,tobacco
38,60,21,29.949,65.4497,7.4102,74.2618,blackgram
30,55,84,15.5081,17.8671,6.1605,40.0748,chickpeas
25,76,52,26.441,72.5955,6.5037,86.9008,soybeans
93,16,50,29.5235,93.4559,6.2005,26.6808,muskmelon
12,12,43,18.1142,88.4232,5.7074,100.7831,pomegranate
21,45,17,28.2707,56.4594,3.5886,34.1292,mothbeans
126,50,44,25.1078,76.7322,7.8684,77.191,cotton
99,19,46,24.2032,84.3443,6.4767,54.8372,watermelon
105,25,25,25.919,52.5633,6.5838,187.8681,coffee
111,52,148,18.3494,76.4309,5.3943,88.3395,potato
15,23,25,29.5991,94.0373,6.4083,188.0399,coconut
76,52,48,22.8929,61.3018,6.4533,86.9076,wheat
80,82,45,27.104,78.3398,6.4847,92.8016,banana
95,42,132,15.0961,73.0428,5.262,77.6265,potato
87,35,44,26.4554,81.5864,6.0736,170.695,jute
155,35,44,26.0199,83.3578,5.1141,222.3865,tea
107,52,125,19.1514,76.661,5.5453,77.5792,potato
70,38,33,21.5044,62.3945,6.6817,99.1572,maize
23,55,16,15.4172,18.9564,5.5242,102.3566,kidneybeans
14,42,15,27.7077,83.6016,6.9099,40.4988,mungbean
90,89,53,26.5342,80.5958,6.3427,91.4235,banana
132,26,59,25.2911,80.3257,4.5034,249.0799,tea
27,57,19,20.8845,19.6344,5.5464,64.7431,kidneybeans
16,60,31,24.7896,66.5283,6.5816,73.771,groundnut
86,14,52,27.1709,91.5096,6.3945,26.0662,muskmelon
21,76,16,18.1256,59.6304,6.1427,146.2689,pigeonpeas
22,11,41,19.9112,87.2114,5.5251,109.3862,pomegranate
88,18,49,28.4253,90.857,6.6067,29.0186,muskmelon
23,13,31,25.2761,91.9051,6.189,198.319,coconut
12,22,25,28.8701,97.5993,6.2725,227.2122,coconut
35,61,79,18.3691,18.6121,7.0558,41.8876,chickpeas
129,20,58,26.8427,81.5587,5.0319,274.3577,tea
29,59,22,28.6608,59.5412,7.806,36.1145,mothbeans
30,15,9,19.6151,93.7961,7.247,118.4541,orange
16,122,195,21.2047,93.1549,5.6086,107.2779,apple
32,61,78,21.7957,15.6514,6.3634,41.8122,chickpeas
